gbifid	datasetkey	occurrenceid	kingdom	phylum	class	order	family	genus	species	infraspecificepithet	taxonrank	scientificname	countrycode	locality	publishingorgkey	decimallatitude	decimallongitude	coordinateuncertaintyinmeters	coordinateprecision	elevation	elevationaccuracy	depth	depthaccuracy	eventdate	day	month	year	taxonkey	specieskey	basisofrecord	institutioncode	collectioncode	catalognumber	recordnumber	identifiedby	license	rightsholder	recordedby	typestatus	establishmentmeans	lastinterpreted	mediatype	issue
1133937659	fc77b814-5596-4959-a779-30027a6507de		Animalia	Chordata	Actinopterygii	Perciformes	Gobiidae	Knipowitschia	Knipowitschia mrakovcici		SPECIES	Knipowitschia mrakovcici Miller, 2009	HR	Dam Lake Visovac [Visovacko] at 43°50'N; 15°59'E [43,8324975, 15,9852216]	b872b075-9ab5-4e27-b6c6-5add6b890379	43.8325	15.98522							2003-05-08T02:00Z	8	5	2003	2375685	2375685	UNKNOWN	Dinaric Research Institute	BIB West Balkans	6163		bng	CC0_1_0	BioFresh			NATIVE	2018-02-04T09:49Z		GEODETIC_DATUM_ASSUMED_WGS84;IDENTIFIED_DATE_UNLIKELY
1133937658	fc77b814-5596-4959-a779-30027a6507de		Animalia	Chordata	Actinopterygii	Perciformes	Gobiidae	Knipowitschia	Knipowitschia mrakovcici		SPECIES	Knipowitschia mrakovcici Miller, 2009	HR	Krka River at 43°55'N; 15°59'E [43,9165894, 15,9808013]	b872b075-9ab5-4e27-b6c6-5add6b890379	43.91659	15.9808							2003-05-08T02:00Z	8	5	2003	2375685	2375685	UNKNOWN	Dinaric Research Institute	BIB West Balkans	6164		bng	CC0_1_0	BioFresh			NATIVE	2018-02-04T09:49Z		GEODETIC_DATUM_ASSUMED_WGS84;IDENTIFIED_DATE_UNLIKELY
1133933196	fc77b814-5596-4959-a779-30027a6507de		Animalia	Chordata	Actinopterygii	Perciformes	Gobiidae	Knipowitschia	Knipowitschia mrakovcici		SPECIES	Knipowitschia mrakovcici Miller, 2009	HR	Visovac Lake at Skradin  [43.8190145, 15.9356973]	b872b075-9ab5-4e27-b6c6-5add6b890379	43.81902	15.9357							2001-04-04T02:00Z	4	4	2001	2375685	2375685	UNKNOWN	Dinaric Research Institute	PZC	1116		Zupancic P.	CC0_1_0	BioFresh			NATIVE	2018-02-04T09:49Z		GEODETIC_DATUM_ASSUMED_WGS84;IDENTIFIED_DATE_UNLIKELY
1057469270	7e380070-f762-11e1-a439-00145eb45e9a	bf296be7-ae8b-443f-a025-98a530a53b18	Animalia	Chordata	Actinopterygii	Perciformes	Gobiidae	Knipowitschia	Knipowitschia mrakovcici		SPECIES	Knipowitschia mrakovcici Miller, 2009	HR	River Krka	19456090-b49a-11d8-abeb-b8a03c50a862									1995-01-01T01:00Z			1995	2375685	2375685	PRESERVED_SPECIMEN	NHMUK	ZOO	2008.2.26.1-11			CC0_1_0		Milorad Mrakovčić; Mrakovčić	PARATYPE		2018-02-04T20:02Z		
1057261828	7e380070-f762-11e1-a439-00145eb45e9a	8d8533cb-6bf7-4d26-b69d-46c06b5ad14c	Animalia	Chordata	Actinopterygii	Perciformes	Gobiidae	Knipowitschia	Knipowitschia mrakovcici		SPECIES	Knipowitschia mrakovcici Miller, 2009	HR	River Krka	19456090-b49a-11d8-abeb-b8a03c50a862									1995-01-01T01:00Z			1995	2375685	2375685	PRESERVED_SPECIMEN	NHMUK	ZOO	2008.2.26.20-33			CC0_1_0		Milorad Mrakovčić; Mrakovčić			2018-02-04T14:37Z		
1057041185	7e380070-f762-11e1-a439-00145eb45e9a	4793d3a5-6d0a-4b5c-8085-365ea1fea968	Animalia	Chordata	Actinopterygii	Perciformes	Gobiidae	Knipowitschia	Knipowitschia mrakovcici		SPECIES	Knipowitschia mrakovcici Miller, 2009	HR	River Krka	19456090-b49a-11d8-abeb-b8a03c50a862									1995-01-01T01:00Z			1995	2375685	2375685	PRESERVED_SPECIMEN	NHMUK	ZOO	2008.2.26.12-18			CC0_1_0		Milorad Mrakovčić; Mrakovčić	PARATYPE		2018-02-04T06:30Z		
1057001485	7e380070-f762-11e1-a439-00145eb45e9a	5f312439-1294-4688-846e-b9fd905d9c67	Animalia	Chordata	Actinopterygii	Perciformes	Gobiidae	Knipowitschia	Knipowitschia mrakovcici		SPECIES	Knipowitschia mrakovcici Miller, 2009	HR	River Krka	19456090-b49a-11d8-abeb-b8a03c50a862									2003-05-08T02:00Z	8	5	2003	2375685	2375685	PRESERVED_SPECIMEN	NHMUK	ZOO	2008.2.26.19			CC0_1_0		Milorad Mrakovčić; Mrakovčić	PARATYPE		2018-02-03T01:44Z		
1012478644	ad43e954-dd79-4986-ae34-9ccdbd8bf568	KJ553514	Animalia	Chordata	Actinopterygii	Perciformes	Gobiidae	Knipowitschia	Knipowitschia mrakovcici		SPECIES	Knipowitschia mrakovcici Miller, 2009	HR		ada9d123-ddb4-467d-8891-806ea8d94230	43.82	15.93											2375685	2375685	UNKNOWN						CC_BY_4_0					2018-02-04T22:21Z		COUNTRY_DERIVED_FROM_COORDINATES;BASIS_OF_RECORD_INVALID;GEODETIC_DATUM_ASSUMED_WGS84;COUNTRY_INVALID;REFERENCES_URI_INVALID
1012478433	ad43e954-dd79-4986-ae34-9ccdbd8bf568	KJ553555	Animalia	Chordata	Actinopterygii	Perciformes	Gobiidae	Knipowitschia	Knipowitschia mrakovcici		SPECIES	Knipowitschia mrakovcici Miller, 2009	HR		ada9d123-ddb4-467d-8891-806ea8d94230	43.82	15.93											2375685	2375685	UNKNOWN						CC_BY_4_0					2018-02-04T22:21Z		COUNTRY_DERIVED_FROM_COORDINATES;BASIS_OF_RECORD_INVALID;GEODETIC_DATUM_ASSUMED_WGS84;COUNTRY_INVALID;REFERENCES_URI_INVALID
1012478357	ad43e954-dd79-4986-ae34-9ccdbd8bf568	KJ553352	Animalia	Chordata	Actinopterygii	Perciformes	Gobiidae	Knipowitschia	Knipowitschia mrakovcici		SPECIES	Knipowitschia mrakovcici Miller, 2009	HR		ada9d123-ddb4-467d-8891-806ea8d94230	43.82	15.93											2375685	2375685	UNKNOWN						CC_BY_4_0					2018-02-04T22:21Z		COUNTRY_DERIVED_FROM_COORDINATES;BASIS_OF_RECORD_INVALID;GEODETIC_DATUM_ASSUMED_WGS84;COUNTRY_INVALID;REFERENCES_URI_INVALID
1012478251	ad43e954-dd79-4986-ae34-9ccdbd8bf568	KJ553594	Animalia	Chordata	Actinopterygii	Perciformes	Gobiidae	Knipowitschia	Knipowitschia mrakovcici		SPECIES	Knipowitschia mrakovcici Miller, 2009	HR		ada9d123-ddb4-467d-8891-806ea8d94230	43.82	15.93											2375685	2375685	UNKNOWN						CC_BY_4_0					2018-02-04T22:21Z		COUNTRY_DERIVED_FROM_COORDINATES;BASIS_OF_RECORD_INVALID;GEODETIC_DATUM_ASSUMED_WGS84;COUNTRY_INVALID;REFERENCES_URI_INVALID
1012478089	ad43e954-dd79-4986-ae34-9ccdbd8bf568	KJ553537	Animalia	Chordata	Actinopterygii	Perciformes	Gobiidae	Knipowitschia	Knipowitschia mrakovcici		SPECIES	Knipowitschia mrakovcici Miller, 2009	HR		ada9d123-ddb4-467d-8891-806ea8d94230	43.82	15.93											2375685	2375685	UNKNOWN						CC_BY_4_0					2018-02-04T22:21Z		COUNTRY_DERIVED_FROM_COORDINATES;BASIS_OF_RECORD_INVALID;GEODETIC_DATUM_ASSUMED_WGS84;COUNTRY_INVALID;REFERENCES_URI_INVALID
1012477836	ad43e954-dd79-4986-ae34-9ccdbd8bf568	KJ553375	Animalia	Chordata	Actinopterygii	Perciformes	Gobiidae	Knipowitschia	Knipowitschia mrakovcici		SPECIES	Knipowitschia mrakovcici Miller, 2009	HR		ada9d123-ddb4-467d-8891-806ea8d94230	43.82	15.93											2375685	2375685	UNKNOWN						CC_BY_4_0					2018-02-04T22:21Z		COUNTRY_DERIVED_FROM_COORDINATES;BASIS_OF_RECORD_INVALID;GEODETIC_DATUM_ASSUMED_WGS84;COUNTRY_INVALID;REFERENCES_URI_INVALID
1012477779	ad43e954-dd79-4986-ae34-9ccdbd8bf568	KJ553521	Animalia	Chordata	Actinopterygii	Perciformes	Gobiidae	Knipowitschia	Knipowitschia mrakovcici		SPECIES	Knipowitschia mrakovcici Miller, 2009	HR		ada9d123-ddb4-467d-8891-806ea8d94230	43.82	15.93											2375685	2375685	UNKNOWN						CC_BY_4_0					2018-02-04T22:21Z		COUNTRY_DERIVED_FROM_COORDINATES;BASIS_OF_RECORD_INVALID;GEODETIC_DATUM_ASSUMED_WGS84;COUNTRY_INVALID;REFERENCES_URI_INVALID
1012477739	ad43e954-dd79-4986-ae34-9ccdbd8bf568	KJ553370	Animalia	Chordata	Actinopterygii	Perciformes	Gobiidae	Knipowitschia	Knipowitschia mrakovcici		SPECIES	Knipowitschia mrakovcici Miller, 2009	HR		ada9d123-ddb4-467d-8891-806ea8d94230	43.82	15.93											2375685	2375685	UNKNOWN						CC_BY_4_0					2018-02-04T22:21Z		COUNTRY_DERIVED_FROM_COORDINATES;BASIS_OF_RECORD_INVALID;GEODETIC_DATUM_ASSUMED_WGS84;COUNTRY_INVALID;REFERENCES_URI_INVALID
911278160	f5a6ade4-b414-4ebc-a84a-c6800a2df2da		Animalia	Chordata	Actinopterygii	Perciformes	Gobiidae	Knipowitschia	Knipowitschia mrakovcici		SPECIES	Knipowitschia mrakovcici Miller, 2009	HR	Krka	6e1cad80-bdf5-11d8-84ea-b8a03c50a862									2006-09-26T02:00Z	26	9	2006	2375685	2375685	PRESERVED_SPECIMEN	ZFMK	ICH	WH07B12 / 732315 / 88151		J.Freyhof	CC_BY_4_0		J.Freyhof			2018-02-04T08:39Z		
911278152	f5a6ade4-b414-4ebc-a84a-c6800a2df2da		Animalia	Chordata	Actinopterygii	Perciformes	Gobiidae	Knipowitschia	Knipowitschia mrakovcici		SPECIES	Knipowitschia mrakovcici Miller, 2009	HR	Krka	6e1cad80-bdf5-11d8-84ea-b8a03c50a862									2006-09-26T02:00Z	26	9	2006	2375685	2375685	PRESERVED_SPECIMEN	ZFMK	ICH	WH07C1 / 732316 / 88152		J.Freyhof	CC_BY_4_0		J.Freyhof			2018-02-04T08:39Z		
911278136	f5a6ade4-b414-4ebc-a84a-c6800a2df2da		Animalia	Chordata	Actinopterygii	Perciformes	Gobiidae	Knipowitschia	Knipowitschia mrakovcici		SPECIES	Knipowitschia mrakovcici Miller, 2009	HR	Krka	6e1cad80-bdf5-11d8-84ea-b8a03c50a862									2006-09-26T02:00Z	26	9	2006	2375685	2375685	PRESERVED_SPECIMEN	ZFMK	ICH	Ex49E1 / 728029 / 83858		J.Freyhof	CC_BY_4_0		J.Freyhof			2018-02-04T08:39Z		
911278132	f5a6ade4-b414-4ebc-a84a-c6800a2df2da		Animalia	Chordata	Actinopterygii	Perciformes	Gobiidae	Knipowitschia	Knipowitschia mrakovcici		SPECIES	Knipowitschia mrakovcici Miller, 2009	HR	Krka	6e1cad80-bdf5-11d8-84ea-b8a03c50a862									2006-09-26T02:00Z	26	9	2006	2375685	2375685	PRESERVED_SPECIMEN	ZFMK	ICH	Ex49E3 / 728031 / 83860		J.Freyhof	CC_BY_4_0		J.Freyhof			2018-02-04T08:39Z		
911278125	f5a6ade4-b414-4ebc-a84a-c6800a2df2da		Animalia	Chordata	Actinopterygii	Perciformes	Gobiidae	Knipowitschia	Knipowitschia mrakovcici		SPECIES	Knipowitschia mrakovcici Miller, 2009	HR	Krka	6e1cad80-bdf5-11d8-84ea-b8a03c50a862									2006-09-26T02:00Z	26	9	2006	2375685	2375685	PRESERVED_SPECIMEN	ZFMK	ICH	Ex49D11 / 728027 / 83856		J.Freyhof	CC_BY_4_0		J.Freyhof			2018-02-04T08:39Z		
911278121	f5a6ade4-b414-4ebc-a84a-c6800a2df2da		Animalia	Chordata	Actinopterygii	Perciformes	Gobiidae	Knipowitschia	Knipowitschia mrakovcici		SPECIES	Knipowitschia mrakovcici Miller, 2009	HR	Krka	6e1cad80-bdf5-11d8-84ea-b8a03c50a862									2006-09-26T02:00Z	26	9	2006	2375685	2375685	PRESERVED_SPECIMEN	ZFMK	ICH	Ex49E2 / 728030 / 83859		J.Freyhof	CC_BY_4_0		J.Freyhof			2018-02-04T08:39Z		
911278114	f5a6ade4-b414-4ebc-a84a-c6800a2df2da		Animalia	Chordata	Actinopterygii	Perciformes	Gobiidae	Knipowitschia	Knipowitschia mrakovcici		SPECIES	Knipowitschia mrakovcici Miller, 2009	HR	Krka	6e1cad80-bdf5-11d8-84ea-b8a03c50a862									2006-09-26T02:00Z	26	9	2006	2375685	2375685	PRESERVED_SPECIMEN	ZFMK	ICH	Ex49D10 / 728026 / 83855		J.Freyhof	CC_BY_4_0		J.Freyhof			2018-02-04T08:39Z		
911278109	f5a6ade4-b414-4ebc-a84a-c6800a2df2da		Animalia	Chordata	Actinopterygii	Perciformes	Gobiidae	Knipowitschia	Knipowitschia mrakovcici		SPECIES	Knipowitschia mrakovcici Miller, 2009	HR	Krka	6e1cad80-bdf5-11d8-84ea-b8a03c50a862									2006-09-26T02:00Z	26	9	2006	2375685	2375685	PRESERVED_SPECIMEN	ZFMK	ICH	Ex49D12 / 728028 / 83857		J.Freyhof	CC_BY_4_0		J.Freyhof			2018-02-04T08:39Z		
