gbifid	datasetkey	occurrenceid	kingdom	phylum	class	order	family	genus	species	infraspecificepithet	taxonrank	scientificname	countrycode	locality	publishingorgkey	decimallatitude	decimallongitude	coordinateuncertaintyinmeters	coordinateprecision	elevation	elevationaccuracy	depth	depthaccuracy	eventdate	day	month	year	taxonkey	specieskey	basisofrecord	institutioncode	collectioncode	catalognumber	recordnumber	identifiedby	license	rightsholder	recordedby	typestatus	establishmentmeans	lastinterpreted	mediatype	issue
1322498260	821cc27a-e3bb-4bc5-ac34-89ada245069d	http://n2t.net/ark:/65665/3ea435b20-3572-4377-8920-1e56d20ebca3	Animalia	Chordata	Actinopterygii	Cypriniformes	Cyprinidae	Telestes	Telestes croaticus		SPECIES	Phoxinellus croaticus Steindachner, 1866	HR	Hrvatska (Croatia).	bc092ff0-02e4-11dc-991f-b8a03c50a862													2363540	2363539	PRESERVED_SPECIMEN	USNM	Fishes	10193			CC0_1_0					2018-02-04T03:33Z		
1133940564	fc77b814-5596-4959-a779-30027a6507de		Animalia	Chordata	Actinopterygii	Cypriniformes	Cyprinidae	Telestes	Telestes croaticus		SPECIES	Telestes croaticus (Steindachner, 1866)	HR	Lika region, Lika-Jadova endorheic river system, Japoga stream (Jadova) at Vrebac [44,5234059, 15,5086184]	b872b075-9ab5-4e27-b6c6-5add6b890379	44.52341	15.50862							1999-05-19T02:00Z	19	5	1999	2363539	2363539	UNKNOWN	Dinaric Research Institute	BIB West Balkans	9086		bng	CC0_1_0	BioFresh			NATIVE	2018-02-04T09:49Z		GEODETIC_DATUM_ASSUMED_WGS84;IDENTIFIED_DATE_UNLIKELY
1133940515	fc77b814-5596-4959-a779-30027a6507de		Animalia	Chordata	Actinopterygii	Cypriniformes	Cyprinidae	Telestes	Telestes croaticus		SPECIES	Telestes croaticus (Steindachner, 1866)	HR	Lika region, Lika-Jadova endorheic river system, Ričica River at Ričice (PZC)  [44.3437514, 15.7452007]	b872b075-9ab5-4e27-b6c6-5add6b890379	44.34375	15.7452							1999-07-27T02:00Z	27	7	1999	2363539	2363539	UNKNOWN	Dinaric Research Institute	BIB West Balkans	8993		bng	CC0_1_0	BioFresh			NATIVE	2018-02-04T09:49Z		GEODETIC_DATUM_ASSUMED_WGS84;IDENTIFIED_DATE_UNLIKELY
1133940476	fc77b814-5596-4959-a779-30027a6507de		Animalia	Chordata	Actinopterygii	Cypriniformes	Cyprinidae	Telestes	Telestes croaticus		SPECIES	Telestes croaticus (Steindachner, 1866)	HR	Lika region, Lika-Jadova endorheic river system, Ričica River at Ričice (PZC)  [44.3437514, 15.7452007]	b872b075-9ab5-4e27-b6c6-5add6b890379	44.34375	15.7452							1997-04-06T02:00Z	6	4	1997	2363539	2363539	UNKNOWN	Dinaric Research Institute	BIB West Balkans	8981		bng	CC0_1_0	BioFresh			NATIVE	2018-02-04T09:49Z		GEODETIC_DATUM_ASSUMED_WGS84;IDENTIFIED_DATE_UNLIKELY
1133940469	fc77b814-5596-4959-a779-30027a6507de		Animalia	Chordata	Actinopterygii	Cypriniformes	Cyprinidae	Telestes	Telestes croaticus		SPECIES	Telestes croaticus (Steindachner, 1866)	HR	Lika region, Lika-Jadova endorheic river system, Ričica River at Ričice (PZC)  [44.3437514, 15.7452007]	b872b075-9ab5-4e27-b6c6-5add6b890379	44.34375	15.7452							1998-07-18T02:00Z	18	7	1998	2363539	2363539	UNKNOWN	Dinaric Research Institute	BIB West Balkans	8989		bng	CC0_1_0	BioFresh			NATIVE	2018-02-04T09:49Z		GEODETIC_DATUM_ASSUMED_WGS84;IDENTIFIED_DATE_UNLIKELY
1133940465	fc77b814-5596-4959-a779-30027a6507de		Animalia	Chordata	Actinopterygii	Cypriniformes	Cyprinidae	Telestes	Telestes croaticus		SPECIES	Telestes croaticus (Steindachner, 1866)	HR	Lika region, Lika-Jadova endorheic river system, Ričica River at Ričice (PZC)  [44.3437514, 15.7452007]	b872b075-9ab5-4e27-b6c6-5add6b890379	44.34375	15.7452							1996-08-26T02:00Z	26	8	1996	2363539	2363539	UNKNOWN	Dinaric Research Institute	BIB West Balkans	8985		bng	CC0_1_0	BioFresh			NATIVE	2018-02-04T09:49Z		GEODETIC_DATUM_ASSUMED_WGS84;IDENTIFIED_DATE_UNLIKELY
1133940358	fc77b814-5596-4959-a779-30027a6507de		Animalia	Chordata	Actinopterygii	Cypriniformes	Cyprinidae	Telestes	Telestes croaticus		SPECIES	Telestes croaticus (Steindachner, 1866)	HR	Lika region, Lika-Jadova endorheic river system, stream at Slunj (Szluin) (NMW 51118)  [45.11, 15.59] (doubtful record: Danube basin)	b872b075-9ab5-4e27-b6c6-5add6b890379	45.11	15.59											2363539	2363539	UNKNOWN	Dinaric Research Institute	BIB West Balkans	8844		bng	CC0_1_0	BioFresh			NATIVE	2018-02-04T09:49Z		GEODETIC_DATUM_ASSUMED_WGS84;IDENTIFIED_DATE_UNLIKELY
1133940344	fc77b814-5596-4959-a779-30027a6507de		Animalia	Chordata	Actinopterygii	Cypriniformes	Cyprinidae	Telestes	Telestes croaticus		SPECIES	Telestes croaticus (Steindachner, 1866)	HR	Lika region, Lika-Jadova endorheic river system, Lika River at Gospič (NMW 51167   [44.5624777, 15.4071995]	b872b075-9ab5-4e27-b6c6-5add6b890379	44.56248	15.4072											2363539	2363539	UNKNOWN	Dinaric Research Institute	BIB West Balkans	8842		bng	CC0_1_0	BioFresh			NATIVE	2018-02-04T09:49Z		GEODETIC_DATUM_ASSUMED_WGS84;IDENTIFIED_DATE_UNLIKELY
1133940336	fc77b814-5596-4959-a779-30027a6507de		Animalia	Chordata	Actinopterygii	Cypriniformes	Cyprinidae	Telestes	Telestes croaticus		SPECIES	Telestes croaticus (Steindachner, 1866)	HR	Lika region, Lika-Jadova endorheic river system, Novčica River at Gospič (NMW 51115 NMW 51116)  [44.5430278, 15.4315754]	b872b075-9ab5-4e27-b6c6-5add6b890379	44.54303	15.43158											2363539	2363539	UNKNOWN	Dinaric Research Institute	BIB West Balkans	8841		bng	CC0_1_0	BioFresh			NATIVE	2018-02-04T09:49Z		GEODETIC_DATUM_ASSUMED_WGS84;IDENTIFIED_DATE_UNLIKELY
1133940335	fc77b814-5596-4959-a779-30027a6507de		Animalia	Chordata	Actinopterygii	Cypriniformes	Cyprinidae	Telestes	Telestes croaticus		SPECIES	Telestes croaticus (Steindachner, 1866)	HR	Lika region, Lika-Jadova endorheic river system, Ričica River at Štikada - now dammed (NMW 51064)  [44.3194389, 15.7802197]	b872b075-9ab5-4e27-b6c6-5add6b890379	44.31944	15.78022											2363539	2363539	UNKNOWN	Dinaric Research Institute	BIB West Balkans	8839		bng	CC0_1_0	BioFresh			NATIVE	2018-02-04T09:49Z		GEODETIC_DATUM_ASSUMED_WGS84;IDENTIFIED_DATE_UNLIKELY
1133940328	fc77b814-5596-4959-a779-30027a6507de		Animalia	Chordata	Actinopterygii	Cypriniformes	Cyprinidae	Telestes	Telestes croaticus		SPECIES	Telestes croaticus (Steindachner, 1866)	HR	Lika region, Lika-Jadova endorheic river system, Gacko Polje [Gacka River] (LU 189)  [44.8534521, 15.2554495]	b872b075-9ab5-4e27-b6c6-5add6b890379	44.85345	15.25545											2363539	2363539	UNKNOWN	Dinaric Research Institute	BIB West Balkans	8845		bng	CC0_1_0	BioFresh			NATIVE	2018-02-04T09:49Z		GEODETIC_DATUM_ASSUMED_WGS84;IDENTIFIED_DATE_UNLIKELY
1133940318	fc77b814-5596-4959-a779-30027a6507de		Animalia	Chordata	Actinopterygii	Cypriniformes	Cyprinidae	Telestes	Telestes croaticus		SPECIES	Telestes croaticus (Steindachner, 1866)	HR	Lika region, Lika-Jadova endorheic river system, stream at St Roch (Sveti Rok) (now dammed)  (NMW 51114   [44.3641883, 15.3641883]	b872b075-9ab5-4e27-b6c6-5add6b890379	44.36419	15.36419											2363539	2363539	UNKNOWN	Dinaric Research Institute	BIB West Balkans	8843		bng	CC0_1_0	BioFresh			NATIVE	2018-02-04T09:49Z		GEODETIC_DATUM_ASSUMED_WGS84;IDENTIFIED_DATE_UNLIKELY
1133940317	fc77b814-5596-4959-a779-30027a6507de		Animalia	Chordata	Actinopterygii	Cypriniformes	Cyprinidae	Telestes	Telestes croaticus		SPECIES	Telestes croaticus (Steindachner, 1866)	HR	Lika region, Lika-Jadova endorheic river system, Japoga stream (Jadova) at Vrebac (Trgovcevic, 1905 and PZC) [44,5234059, 15,5086184]	b872b075-9ab5-4e27-b6c6-5add6b890379	44.52341	15.50862											2363539	2363539	UNKNOWN	Dinaric Research Institute	BIB West Balkans	8831		bng	CC0_1_0	BioFresh			NATIVE	2018-02-04T09:49Z		GEODETIC_DATUM_ASSUMED_WGS84;IDENTIFIED_DATE_UNLIKELY
1133940310	fc77b814-5596-4959-a779-30027a6507de		Animalia	Chordata	Actinopterygii	Cypriniformes	Cyprinidae	Telestes	Telestes croaticus		SPECIES	Telestes croaticus (Steindachner, 1866)	HR	Lika region, Lika-Jadova endorheic river system, Ričica River at Ričice (PZC)  [44.3437514, 15.7452007]	b872b075-9ab5-4e27-b6c6-5add6b890379	44.34375	15.7452											2363539	2363539	UNKNOWN	Dinaric Research Institute	BIB West Balkans	8840		bng	CC0_1_0	BioFresh			NATIVE	2018-02-04T09:49Z		RECORDED_DATE_INVALID;GEODETIC_DATUM_ASSUMED_WGS84;IDENTIFIED_DATE_UNLIKELY
1133940298	fc77b814-5596-4959-a779-30027a6507de		Animalia	Chordata	Actinopterygii	Cypriniformes	Cyprinidae	Telestes	Telestes croaticus		SPECIES	Telestes croaticus (Steindachner, 1866)	HR	Lika region, Lika-Jadova endorheic river system, Otuča River at Gračac (NMW 51063, LU 188)  [44.295362, 15.8502575]	b872b075-9ab5-4e27-b6c6-5add6b890379	44.29536	15.85026											2363539	2363539	UNKNOWN	Dinaric Research Institute	BIB West Balkans	8838		bng	CC0_1_0	BioFresh			NATIVE	2018-02-04T09:49Z		GEODETIC_DATUM_ASSUMED_WGS84;IDENTIFIED_DATE_UNLIKELY
1133937067	fc77b814-5596-4959-a779-30027a6507de		Animalia	Chordata	Actinopterygii	Cypriniformes	Cyprinidae	Telestes	Telestes croaticus		SPECIES	Telestes croaticus (Steindachner, 1866)	HR	Rječina River downstream from Valici Dam Lake (point is selected arbitrarily).	b872b075-9ab5-4e27-b6c6-5add6b890379	45.35395	14.44994							2006-01-01T01:00Z			2006	2363539	2363539	UNKNOWN	Dinaric Research Institute	BIB West Balkans	5586		bng	CC0_1_0	BioFresh			NATIVE	2018-02-04T09:49Z		GEODETIC_DATUM_ASSUMED_WGS84;IDENTIFIED_DATE_UNLIKELY
1133935642	fc77b814-5596-4959-a779-30027a6507de		Animalia	Chordata	Actinopterygii	Cypriniformes	Cyprinidae	Telestes	Telestes croaticus		SPECIES	Telestes croaticus (Steindachner, 1866)	HR	Krivak, left tributary of Ričica River, at Gračač.	b872b075-9ab5-4e27-b6c6-5add6b890379	44.29035	15.81725											2363539	2363539	UNKNOWN	Dinaric Research Institute	BIB West Balkans	4163		bng	CC0_1_0	BioFresh			NATIVE	2018-02-04T09:49Z		RECORDED_DATE_INVALID;GEODETIC_DATUM_ASSUMED_WGS84;IDENTIFIED_DATE_UNLIKELY
1133935640	fc77b814-5596-4959-a779-30027a6507de		Animalia	Chordata	Actinopterygii	Cypriniformes	Cyprinidae	Telestes	Telestes croaticus		SPECIES	Telestes croaticus (Steindachner, 1866)	HR	Ričica River.	b872b075-9ab5-4e27-b6c6-5add6b890379	44.33977	15.75225											2363539	2363539	UNKNOWN	Dinaric Research Institute	BIB West Balkans	4160		bng	CC0_1_0	BioFresh			NATIVE	2018-02-04T09:49Z		RECORDED_DATE_INVALID;GEODETIC_DATUM_ASSUMED_WGS84;IDENTIFIED_DATE_UNLIKELY
1133935612	fc77b814-5596-4959-a779-30027a6507de		Animalia	Chordata	Actinopterygii	Cypriniformes	Cyprinidae	Telestes	Telestes croaticus		SPECIES	Telestes croaticus (Steindachner, 1866)	HR	Suvaja River, tributary of Ričica, at railway station Lovinac.	b872b075-9ab5-4e27-b6c6-5add6b890379	44.38945	15.6621											2363539	2363539	UNKNOWN	Dinaric Research Institute	BIB West Balkans	4152		bng	CC0_1_0	BioFresh			NATIVE	2018-02-04T09:49Z		RECORDED_DATE_INVALID;GEODETIC_DATUM_ASSUMED_WGS84;IDENTIFIED_DATE_UNLIKELY
1133935608	fc77b814-5596-4959-a779-30027a6507de		Animalia	Chordata	Actinopterygii	Cypriniformes	Cyprinidae	Telestes	Telestes croaticus		SPECIES	Telestes croaticus (Steindachner, 1866)	HR	Ričica River at Prpići.	b872b075-9ab5-4e27-b6c6-5add6b890379	44.36406	15.69384											2363539	2363539	UNKNOWN	Dinaric Research Institute	BIB West Balkans	4155		bng	CC0_1_0	BioFresh			NATIVE	2018-02-04T09:49Z		RECORDED_DATE_INVALID;GEODETIC_DATUM_ASSUMED_WGS84;IDENTIFIED_DATE_UNLIKELY
1133935603	fc77b814-5596-4959-a779-30027a6507de		Animalia	Chordata	Actinopterygii	Cypriniformes	Cyprinidae	Telestes	Telestes croaticus		SPECIES	Telestes croaticus (Steindachner, 1866)	HR	Banica River, tributary of Ričica, 2-3 km from town of Lovinac.	b872b075-9ab5-4e27-b6c6-5add6b890379	44.38765	15.68042											2363539	2363539	UNKNOWN	Dinaric Research Institute	BIB West Balkans	4147		bng	CC0_1_0	BioFresh			NATIVE	2018-02-04T09:49Z		RECORDED_DATE_INVALID;GEODETIC_DATUM_ASSUMED_WGS84;IDENTIFIED_DATE_UNLIKELY
1133933468	fc77b814-5596-4959-a779-30027a6507de		Animalia	Chordata	Actinopterygii	Cypriniformes	Cyprinidae	Telestes	Telestes croaticus		SPECIES	Telestes croaticus (Steindachner, 1866)	HR	Jadova River at Vrebac	b872b075-9ab5-4e27-b6c6-5add6b890379	44.52341	15.50862											2363539	2363539	UNKNOWN	Dinaric Research Institute	PZC	1423		Zupancic P.	CC0_1_0	BioFresh			NATIVE	2018-02-04T09:49Z		GEODETIC_DATUM_ASSUMED_WGS84;IDENTIFIED_DATE_UNLIKELY
1133933256	fc77b814-5596-4959-a779-30027a6507de		Animalia	Chordata	Actinopterygii	Cypriniformes	Cyprinidae	Telestes	Telestes croaticus		SPECIES	Telestes croaticus (Steindachner, 1866)	HR	Zrmanja River at Krupa [44.1899839, 15.8996677]	b872b075-9ab5-4e27-b6c6-5add6b890379	44.18998	15.89967							2003-05-20T02:00Z	20	5	2003	2363539	2363539	UNKNOWN	Dinaric Research Institute	PZC	1224		Zupancic P.	CC0_1_0	BioFresh			NATIVE	2018-02-04T09:49Z		GEODETIC_DATUM_ASSUMED_WGS84;IDENTIFIED_DATE_UNLIKELY
1133933074	fc77b814-5596-4959-a779-30027a6507de		Animalia	Chordata	Actinopterygii	Cypriniformes	Cyprinidae	Telestes	Telestes croaticus		SPECIES	Telestes croaticus (Steindachner, 1866)	HR	Jadova River at Mogorič	b872b075-9ab5-4e27-b6c6-5add6b890379	44.48641	15.57908							2003-05-19T02:00Z	19	5	2003	2363539	2363539	UNKNOWN	Dinaric Research Institute	PZC	1006		Zupancic P.	CC0_1_0	BioFresh			NATIVE	2018-02-04T09:49Z		GEODETIC_DATUM_ASSUMED_WGS84;IDENTIFIED_DATE_UNLIKELY
1133933065	fc77b814-5596-4959-a779-30027a6507de		Animalia	Chordata	Actinopterygii	Cypriniformes	Cyprinidae	Telestes	Telestes croaticus		SPECIES	Telestes croaticus (Steindachner, 1866)	HR	Suvaja River at Lovinac	b872b075-9ab5-4e27-b6c6-5add6b890379	44.38945	15.6621							2006-09-16T02:00Z	16	9	2006	2363539	2363539	UNKNOWN	Dinaric Research Institute	PZC	743		Zupancic P.	CC0_1_0	BioFresh			NATIVE	2018-02-04T09:49Z		GEODETIC_DATUM_ASSUMED_WGS84;IDENTIFIED_DATE_UNLIKELY
1133933032	fc77b814-5596-4959-a779-30027a6507de		Animalia	Chordata	Actinopterygii	Cypriniformes	Cyprinidae	Telestes	Telestes croaticus		SPECIES	Telestes croaticus (Steindachner, 1866)	HR	Jadova River at Vrebac	b872b075-9ab5-4e27-b6c6-5add6b890379	44.52341	15.50862							2009-11-12T01:00Z	12	11	2009	2363539	2363539	UNKNOWN	Dinaric Research Institute	PZC	712		Zupancic P.	CC0_1_0	BioFresh			NATIVE	2018-02-04T09:49Z		GEODETIC_DATUM_ASSUMED_WGS84;IDENTIFIED_DATE_UNLIKELY
1133933023	fc77b814-5596-4959-a779-30027a6507de		Animalia	Chordata	Actinopterygii	Cypriniformes	Cyprinidae	Telestes	Telestes croaticus		SPECIES	Telestes croaticus (Steindachner, 1866)	HR	Jadova River at Vrebac	b872b075-9ab5-4e27-b6c6-5add6b890379	44.52341	15.50862							2007-06-29T02:00Z	29	6	2007	2363539	2363539	UNKNOWN	Dinaric Research Institute	PZC	721		Zupancic P.	CC0_1_0	BioFresh			NATIVE	2018-02-04T09:49Z		GEODETIC_DATUM_ASSUMED_WGS84;IDENTIFIED_DATE_UNLIKELY
1133932788	fc77b814-5596-4959-a779-30027a6507de		Animalia	Chordata	Actinopterygii	Cypriniformes	Cyprinidae	Telestes	Telestes croaticus		SPECIES	Telestes croaticus (Steindachner, 1866)	HR	Ričica River at Ričice, Lika region, Lika-Jadova endorheic river system	b872b075-9ab5-4e27-b6c6-5add6b890379	44.33963	15.75212							2001-07-07T02:00Z	7	7	2001	2363539	2363539	UNKNOWN	Dinaric Research Institute	PZC	438		Zupancic P.	CC0_1_0	BioFresh			NATIVE	2018-02-04T09:49Z		GEODETIC_DATUM_ASSUMED_WGS84;IDENTIFIED_DATE_UNLIKELY
1133932667	fc77b814-5596-4959-a779-30027a6507de		Animalia	Chordata	Actinopterygii	Cypriniformes	Cyprinidae	Telestes	Telestes croaticus		SPECIES	Telestes croaticus (Steindachner, 1866)	HR	Jadova River at Vrebac	b872b075-9ab5-4e27-b6c6-5add6b890379	44.52606	15.51455							2002-10-01T02:00Z	1	10	2002	2363539	2363539	UNKNOWN	Dinaric Research Institute	PZC	314		Zupancic P.	CC0_1_0	BioFresh			NATIVE	2018-02-04T09:49Z		GEODETIC_DATUM_ASSUMED_WGS84;IDENTIFIED_DATE_UNLIKELY
1133932642	fc77b814-5596-4959-a779-30027a6507de		Animalia	Chordata	Actinopterygii	Cypriniformes	Cyprinidae	Telestes	Telestes croaticus		SPECIES	Telestes croaticus (Steindachner, 1866)	HR	Jadova River at Vrebac	b872b075-9ab5-4e27-b6c6-5add6b890379	44.52606	15.51455							1999-05-19T02:00Z	19	5	1999	2363539	2363539	UNKNOWN	Dinaric Research Institute	PZC	284		Zupancic P.	CC0_1_0	BioFresh			NATIVE	2018-02-04T09:49Z		GEODETIC_DATUM_ASSUMED_WGS84;IDENTIFIED_DATE_UNLIKELY
1133932591	fc77b814-5596-4959-a779-30027a6507de		Animalia	Chordata	Actinopterygii	Cypriniformes	Cyprinidae	Telestes	Telestes croaticus		SPECIES	Telestes croaticus (Steindachner, 1866)	HR	Štikada Lake	b872b075-9ab5-4e27-b6c6-5add6b890379	44.3095	15.78901							2003-05-19T02:00Z	19	5	2003	2363539	2363539	UNKNOWN	Dinaric Research Institute	PZC	201		Zupancic P.	CC0_1_0	BioFresh			NATIVE	2018-02-04T09:49Z		GEODETIC_DATUM_ASSUMED_WGS84;IDENTIFIED_DATE_UNLIKELY
1012500898	ad43e954-dd79-4986-ae34-9ccdbd8bf568	KJ554626	Animalia	Chordata	Actinopterygii	Cypriniformes	Cyprinidae	Telestes	Telestes croaticus		SPECIES	Telestes croaticus (Steindachner, 1866)	HR		ada9d123-ddb4-467d-8891-806ea8d94230	44.51	15.55											2363539	2363539	UNKNOWN						CC_BY_4_0					2018-02-04T22:21Z		COUNTRY_DERIVED_FROM_COORDINATES;BASIS_OF_RECORD_INVALID;GEODETIC_DATUM_ASSUMED_WGS84;COUNTRY_INVALID;REFERENCES_URI_INVALID
1012496157	ad43e954-dd79-4986-ae34-9ccdbd8bf568	KJ554593	Animalia	Chordata	Actinopterygii	Cypriniformes	Cyprinidae	Telestes	Telestes croaticus		SPECIES	Telestes croaticus (Steindachner, 1866)	HR		ada9d123-ddb4-467d-8891-806ea8d94230	44.51	15.55											2363539	2363539	UNKNOWN						CC_BY_4_0					2018-02-04T22:21Z		COUNTRY_DERIVED_FROM_COORDINATES;BASIS_OF_RECORD_INVALID;GEODETIC_DATUM_ASSUMED_WGS84;COUNTRY_INVALID;REFERENCES_URI_INVALID
911410982	f5a6ade4-b414-4ebc-a84a-c6800a2df2da		Animalia	Chordata	Actinopterygii	Cypriniformes	Cyprinidae	Telestes	Telestes croaticus		SPECIES	Telestes croaticus (Steindachner, 1866)	HR	Jadova	6e1cad80-bdf5-11d8-84ea-b8a03c50a862									2003-05-19T02:00Z	19	5	2003	2363539	2363539	PRESERVED_SPECIMEN	ZFMK	ICH	Ex45E9 / 727742 / 83571		J.Freyhof	CC_BY_4_0		N. Bogutskaya			2018-02-04T08:39Z		
911410976	f5a6ade4-b414-4ebc-a84a-c6800a2df2da		Animalia	Chordata	Actinopterygii	Cypriniformes	Cyprinidae	Telestes	Telestes croaticus		SPECIES	Telestes croaticus (Steindachner, 1866)	HR	Jadova	6e1cad80-bdf5-11d8-84ea-b8a03c50a862									2003-05-19T02:00Z	19	5	2003	2363539	2363539	PRESERVED_SPECIMEN	ZFMK	ICH	Ex45E10 / 727743 / 83572		J.Freyhof	CC_BY_4_0		N. Bogutskaya			2018-02-04T08:39Z		
911410938	f5a6ade4-b414-4ebc-a84a-c6800a2df2da		Animalia	Chordata	Actinopterygii	Cypriniformes	Cyprinidae	Telestes	Telestes croaticus		SPECIES	Telestes croaticus (Steindachner, 1866)	HR	Jadova	6e1cad80-bdf5-11d8-84ea-b8a03c50a862									2003-05-19T02:00Z	19	5	2003	2363539	2363539	PRESERVED_SPECIMEN	ZFMK	ICH	Ex45E8 / 727741 / 83570		J.Freyhof	CC_BY_4_0		N. Bogutskaya			2018-02-04T08:39Z		
911410904	f5a6ade4-b414-4ebc-a84a-c6800a2df2da		Animalia	Chordata	Actinopterygii	Cypriniformes	Cyprinidae	Telestes	Telestes croaticus		SPECIES	Telestes croaticus (Steindachner, 1866)	HR	Jadova	6e1cad80-bdf5-11d8-84ea-b8a03c50a862									2003-05-19T02:00Z	19	5	2003	2363539	2363539	PRESERVED_SPECIMEN	ZFMK	ICH	Ex01D11 / 724801 / 80628		J.Freyhof	CC_BY_4_0		N. Bogutskaya			2018-02-04T08:39Z		
863124317	4bfac3ea-8763-4f4b-a71a-76a6f5f243d3	MCZ:Ich:29895	Animalia	Chordata	Actinopterygii	Cypriniformes	Cyprinidae	Telestes	Telestes croaticus		SPECIES	Phoxinellus croaticus Steindachner, 1866	CZ	Bohemia (old province) no specific locality	b4640710-8e03-11d8-b956-b8a03c50a862													2363540	2363539	PRESERVED_SPECIMEN	MCZ	Ich	29895		Ledger	CC_BY_NC_4_0	President and Fellows of Harvard College	Thomas Barbour			2018-02-03T11:49Z		
863110860	4bfac3ea-8763-4f4b-a71a-76a6f5f243d3	MCZ:Ich:18621	Animalia	Chordata	Actinopterygii	Cypriniformes	Cyprinidae	Telestes	Telestes croaticus		SPECIES	Phoxinellus croaticus Steindachner, 1866	HR	Croatia	b4640710-8e03-11d8-b956-b8a03c50a862													2363540	2363539	PRESERVED_SPECIMEN	MCZ	Ich	18621		Ledger	CC_BY_NC_4_0	President and Fellows of Harvard College	[no agent data]			2018-02-03T11:49Z		
863110846	4bfac3ea-8763-4f4b-a71a-76a6f5f243d3	MCZ:Ich:18620	Animalia	Chordata	Actinopterygii	Cypriniformes	Cyprinidae	Telestes	Telestes croaticus		SPECIES	Phoxinellus croaticus Steindachner, 1866	HR	Croatia	b4640710-8e03-11d8-b956-b8a03c50a862													2363540	2363539	PRESERVED_SPECIMEN	MCZ	Ich	18620		Ledger	CC_BY_NC_4_0	President and Fellows of Harvard College	[no agent data]			2018-02-03T11:49Z		
863104249	4bfac3ea-8763-4f4b-a71a-76a6f5f243d3	MCZ:Ich:4007	Animalia	Chordata	Actinopterygii	Cypriniformes	Cyprinidae	Telestes	Telestes croaticus		SPECIES	Phoxinellus croaticus Steindachner, 1866	HR	Croatia	b4640710-8e03-11d8-b956-b8a03c50a862													2363540	2363539	PRESERVED_SPECIMEN	MCZ	Ich	4007		Ledger	CC_BY_NC_4_0	President and Fellows of Harvard College	[no agent data]	SYNTYPE		2018-02-15T18:32Z	STILLIMAGE	
583616152	f58922e2-93ed-4703-ba22-12a0674d1b54	http://coldb.mnhn.fr/catalognumber/mnhn/ic/0000-6187	Animalia	Chordata	Actinopterygii	Cypriniformes	Cyprinidae	Telestes	Telestes croaticus		SPECIES	Phoxinellus croaticus Steindachner, 1866			2cd829bb-b713-433d-99cf-64bef11e5b3e									1870-01-01T01:00Z			1870	2363540	2363539	PRESERVED_SPECIMEN	MNHN	IC	0000-6187			CC_BY_4_0		inconnu|vienne nmw, m.			2018-02-03T19:24Z		TAXON_MATCH_HIGHERRANK;COUNTRY_INVALID
234290253	8379962a-f762-11e1-a439-00145eb45e9a	234290253	Animalia	Chordata	Actinopterygii	Cypriniformes	Cyprinidae	Telestes	Telestes croaticus		SPECIES	Telestes croaticus (Steindachner, 1866)	HR		3059a14b-7b43-41ce-beef-873999911dfe													2363539	2363539	PRESERVED_SPECIMEN	MNCN	MNCN_ICTIO	260670		I. Doadrio	CC_BY_NC_4_0		Primoz zupancik			2018-02-23T09:21Z		
234290252	8379962a-f762-11e1-a439-00145eb45e9a	234290252	Animalia	Chordata	Actinopterygii	Cypriniformes	Cyprinidae	Telestes	Telestes croaticus		SPECIES	Telestes croaticus (Steindachner, 1866)	BA		3059a14b-7b43-41ce-beef-873999911dfe													2363539	2363539	PRESERVED_SPECIMEN	MNCN	MNCN_ICTIO	260669		Primoz zupancik	CC_BY_NC_4_0					2018-02-23T09:21Z		
234290242	8379962a-f762-11e1-a439-00145eb45e9a	234290242	Animalia	Chordata	Actinopterygii	Cypriniformes	Cyprinidae	Telestes	Telestes croaticus		SPECIES	Telestes croaticus (Steindachner, 1866)	HR		3059a14b-7b43-41ce-beef-873999911dfe													2363539	2363539	PRESERVED_SPECIMEN	MNCN	MNCN_ICTIO	260600		Primoz zupancik	CC_BY_NC_4_0		Primoz zupancik			2018-02-23T09:21Z		
234290241	8379962a-f762-11e1-a439-00145eb45e9a	234290241	Animalia	Chordata	Actinopterygii	Cypriniformes	Cyprinidae	Telestes	Telestes croaticus		SPECIES	Telestes croaticus (Steindachner, 1866)	HR		3059a14b-7b43-41ce-beef-873999911dfe													2363539	2363539	PRESERVED_SPECIMEN	MNCN	MNCN_ICTIO	260599		Primoz zupancik	CC_BY_NC_4_0		Primoz zupancik			2018-02-23T09:21Z		
234290240	8379962a-f762-11e1-a439-00145eb45e9a	234290240	Animalia	Chordata	Actinopterygii	Cypriniformes	Cyprinidae	Telestes	Telestes croaticus		SPECIES	Telestes croaticus (Steindachner, 1866)	HR		3059a14b-7b43-41ce-beef-873999911dfe													2363539	2363539	PRESERVED_SPECIMEN	MNCN	MNCN_ICTIO	260598		Primoz zupancik	CC_BY_NC_4_0		Primoz zupancik			2018-02-23T09:21Z		
234290239	8379962a-f762-11e1-a439-00145eb45e9a	234290239	Animalia	Chordata	Actinopterygii	Cypriniformes	Cyprinidae	Telestes	Telestes croaticus		SPECIES	Telestes croaticus (Steindachner, 1866)	HR		3059a14b-7b43-41ce-beef-873999911dfe													2363539	2363539	PRESERVED_SPECIMEN	MNCN	MNCN_ICTIO	260583		Primoz zupancik	CC_BY_NC_4_0		Primoz zupancik			2018-02-23T09:21Z		
91214241	86417f58-f762-11e1-a439-00145eb45e9a		Animalia	Chordata	Actinopterygii	Cypriniformes	Cyprinidae	Telestes	Telestes croaticus		SPECIES	Phoxinellus croaticus Steindachner, 1866		Croatien	10980920-6dad-11da-ad13-b8a03c50a862													2363540	2363539	UNKNOWN	ZMB_Pisces	MfN Fish Collection, Zoology	oai:biodat.de:4F62B2A1-3AFD-11D4-A5F0-0000E8689776			CC_BY_4_0					2018-02-04T22:55Z		BASIS_OF_RECORD_INVALID;COUNTRY_INVALID
