gbifid	datasetkey	occurrenceid	kingdom	phylum	class	order	family	genus	species	infraspecificepithet	taxonrank	scientificname	countrycode	locality	publishingorgkey	decimallatitude	decimallongitude	coordinateuncertaintyinmeters	coordinateprecision	elevation	elevationaccuracy	depth	depthaccuracy	eventdate	day	month	year	taxonkey	specieskey	basisofrecord	institutioncode	collectioncode	catalognumber	recordnumber	identifiedby	license	rightsholder	recordedby	typestatus	establishmentmeans	lastinterpreted	mediatype	issue
1133937959	fc77b814-5596-4959-a779-30027a6507de		Animalia	Chordata	Actinopterygii	Cypriniformes	Cobitidae	Cobitis	Cobitis jadovaensis		SPECIES	Cobitis jadovaensis Mustafic & Mrakovcic, 2008	HR	"Jadova River, small rufuge pond remaining after drying, 44°30'14.6""N, 15°32'42.5""E"	b872b075-9ab5-4e27-b6c6-5add6b890379	44.50417	15.54528							2005-07-25T02:00Z	25	7	2005	2368171	2368171	UNKNOWN	Dinaric Research Institute	BIB West Balkans	6462		bng	CC0_1_0	BioFresh			NATIVE	2018-02-04T09:49Z		GEODETIC_DATUM_ASSUMED_WGS84;IDENTIFIED_DATE_UNLIKELY
1133933035	fc77b814-5596-4959-a779-30027a6507de		Animalia	Chordata	Actinopterygii	Cypriniformes	Cobitidae	Cobitis	Cobitis jadovaensis		SPECIES	Cobitis jadovaensis Mustafic & Mrakovcic, 2008	HR	Jadova River at Vrebac	b872b075-9ab5-4e27-b6c6-5add6b890379	44.52341	15.50862											2368171	2368171	UNKNOWN	Dinaric Research Institute	PZC	755		Zupancic P.	CC0_1_0	BioFresh			NATIVE	2018-02-04T09:49Z		GEODETIC_DATUM_ASSUMED_WGS84;IDENTIFIED_DATE_UNLIKELY
1012472990	ad43e954-dd79-4986-ae34-9ccdbd8bf568	KJ553096	Animalia	Chordata	Actinopterygii	Cypriniformes	Cobitidae	Cobitis	Cobitis jadovaensis		SPECIES	Cobitis jadovaensis Mustafic & Mrakovcic, 2008	HR		ada9d123-ddb4-467d-8891-806ea8d94230	44.5	15.54											2368171	2368171	UNKNOWN						CC_BY_4_0					2018-02-04T22:21Z		COUNTRY_DERIVED_FROM_COORDINATES;BASIS_OF_RECORD_INVALID;GEODETIC_DATUM_ASSUMED_WGS84;COUNTRY_INVALID;REFERENCES_URI_INVALID
1012469284	ad43e954-dd79-4986-ae34-9ccdbd8bf568	KJ552968	Animalia	Chordata	Actinopterygii	Cypriniformes	Cobitidae	Cobitis	Cobitis jadovaensis		SPECIES	Cobitis jadovaensis Mustafic & Mrakovcic, 2008	HR		ada9d123-ddb4-467d-8891-806ea8d94230	44.5	15.54											2368171	2368171	UNKNOWN						CC_BY_4_0					2018-02-04T22:21Z		COUNTRY_DERIVED_FROM_COORDINATES;BASIS_OF_RECORD_INVALID;GEODETIC_DATUM_ASSUMED_WGS84;COUNTRY_INVALID;REFERENCES_URI_INVALID
911263073	f5a6ade4-b414-4ebc-a84a-c6800a2df2da		Animalia	Chordata	Actinopterygii	Cypriniformes	Cobitidae	Cobitis	Cobitis jadovaensis		SPECIES	Cobitis jadovaensis Mustafic & Mrakovcic, 2008	HR	Jadova	6e1cad80-bdf5-11d8-84ea-b8a03c50a862													2368171	2368171	PRESERVED_SPECIMEN	ZFMK	ICH	Ex50B7 / 728092 / 83921		Marcelo Kovacic	CC_BY_4_0		Marcelo Kovacic			2018-02-04T08:39Z		
911263020	f5a6ade4-b414-4ebc-a84a-c6800a2df2da		Animalia	Chordata	Actinopterygii	Cypriniformes	Cobitidae	Cobitis	Cobitis jadovaensis		SPECIES	Cobitis jadovaensis Mustafic & Mrakovcic, 2008	HR	Jadova	6e1cad80-bdf5-11d8-84ea-b8a03c50a862													2368171	2368171	PRESERVED_SPECIMEN	ZFMK	ICH	Ex50B8 / 728093 / 83922		Marcelo Kovacic	CC_BY_4_0		Marcelo Kovacic			2018-02-04T08:39Z		
