gbifid	datasetkey	occurrenceid	kingdom	phylum	class	order	family	genus	species	infraspecificepithet	taxonrank	scientificname	countrycode	locality	publishingorgkey	decimallatitude	decimallongitude	coordinateuncertaintyinmeters	coordinateprecision	elevation	elevationaccuracy	depth	depthaccuracy	eventdate	day	month	year	taxonkey	specieskey	basisofrecord	institutioncode	collectioncode	catalognumber	recordnumber	identifiedby	license	rightsholder	recordedby	typestatus	establishmentmeans	lastinterpreted	mediatype	issue
1609378895	6ec2600f-768a-4240-9575-0972fef6c76f	bf_cf3-1.383	Animalia	Chordata	Actinopterygii	Cypriniformes	Cyprinidae	Leucos	Leucos ylikiensis		SPECIES	Rutilus ylikiensis Economidis, 1991	GR	Akraifnio (under small fall)	b872b075-9ab5-4e27-b6c6-5add6b890379	38.44	23.24			91.0				1995-06-19T02:00Z	19	6	1995	2359694	8536369	UNKNOWN	HCMR					CC0_1_0	BioFresh				2018-02-04T02:31Z		RECORDED_DATE_MISMATCH;GEODETIC_DATUM_ASSUMED_WGS84
1609378876	6ec2600f-768a-4240-9575-0972fef6c76f	bf_cf3-1.378	Animalia	Chordata	Actinopterygii	Cypriniformes	Cyprinidae	Leucos	Leucos ylikiensis		SPECIES	Rutilus ylikiensis Economidis, 1991	GR	Akraifnio (channel)	b872b075-9ab5-4e27-b6c6-5add6b890379	38.45	23.21			104.0				1993-02-19T01:00Z	19	2	1993	2359694	8536369	UNKNOWN	HCMR					CC0_1_0	BioFresh				2018-02-04T02:31Z		RECORDED_DATE_MISMATCH;GEODETIC_DATUM_ASSUMED_WGS84
1609378874	6ec2600f-768a-4240-9575-0972fef6c76f	bf_cf3-1.387	Animalia	Chordata	Actinopterygii	Cypriniformes	Cyprinidae	Leucos	Leucos ylikiensis		SPECIES	Rutilus ylikiensis Economidis, 1991	GR	Akraifnio	b872b075-9ab5-4e27-b6c6-5add6b890379	38.44	23.24			128.0				1994-04-15T02:00Z	15	4	1994	2359694	8536369	UNKNOWN	HCMR					CC0_1_0	BioFresh				2018-02-04T02:31Z		RECORDED_DATE_MISMATCH;GEODETIC_DATUM_ASSUMED_WGS84
1609378869	6ec2600f-768a-4240-9575-0972fef6c76f	bf_cf3-1.393	Animalia	Chordata	Actinopterygii	Cypriniformes	Cyprinidae	Leucos	Leucos ylikiensis		SPECIES	Rutilus ylikiensis Economidis, 1991	GR	lake	b872b075-9ab5-4e27-b6c6-5add6b890379	38.41	23.25			71.0				1995-07-16T02:00Z	16	7	1995	2359694	8536369	UNKNOWN	HCMR					CC0_1_0	BioFresh				2018-02-04T02:31Z		RECORDED_DATE_MISMATCH;GEODETIC_DATUM_ASSUMED_WGS84
1609378864	6ec2600f-768a-4240-9575-0972fef6c76f	bf_cf3-1.405	Animalia	Chordata	Actinopterygii	Cypriniformes	Cyprinidae	Leucos	Leucos ylikiensis		SPECIES	Rutilus ylikiensis Economidis, 1991	GR	lake	b872b075-9ab5-4e27-b6c6-5add6b890379	38.4	23.31			71.0				1994-05-30T02:00Z	30	5	1994	2359694	8536369	UNKNOWN	HCMR					CC0_1_0	BioFresh				2018-02-04T02:31Z		RECORDED_DATE_MISMATCH;GEODETIC_DATUM_ASSUMED_WGS84
1609378862	6ec2600f-768a-4240-9575-0972fef6c76f	bf_cf3-1.397	Animalia	Chordata	Actinopterygii	Cypriniformes	Cyprinidae	Leucos	Leucos ylikiensis		SPECIES	Rutilus ylikiensis Economidis, 1991	GR	lake	b872b075-9ab5-4e27-b6c6-5add6b890379	38.4	23.31			71.0				1993-03-12T01:00Z	12	3	1993	2359694	8536369	UNKNOWN	HCMR					CC0_1_0	BioFresh				2018-02-04T02:31Z		RECORDED_DATE_MISMATCH;GEODETIC_DATUM_ASSUMED_WGS84
1609378858	6ec2600f-768a-4240-9575-0972fef6c76f	bf_cf3-1.400	Animalia	Chordata	Actinopterygii	Cypriniformes	Cyprinidae	Leucos	Leucos ylikiensis		SPECIES	Rutilus ylikiensis Economidis, 1991	GR	lake	b872b075-9ab5-4e27-b6c6-5add6b890379	38.4	23.31			71.0				1997-03-19T01:00Z	19	3	1997	2359694	8536369	UNKNOWN	HCMR					CC0_1_0	BioFresh				2018-02-04T02:31Z		RECORDED_DATE_MISMATCH;GEODETIC_DATUM_ASSUMED_WGS84
1057545865	7e380070-f762-11e1-a439-00145eb45e9a	c8492dfc-0385-431a-a748-08afef2fa852	Animalia	Chordata	Actinopterygii	Cypriniformes	Cyprinidae	Leucos	Leucos ylikiensis		SPECIES	Rutilus ylikiensis Economidis, 1991	GR	Kifissos River system, near villageAkontio, Beotia, Greece	19456090-b49a-11d8-abeb-b8a03c50a862									1977-07-21T01:00Z	21	7	1977	2359694	8536369	PRESERVED_SPECIMEN	NHMUK	ZOO	1989.4.4.44-55			CC0_1_0		P Economidis; Economidis			2018-02-04T20:02Z	STILLIMAGE	
1057459380	7e380070-f762-11e1-a439-00145eb45e9a	cff94ab0-b483-4292-a2f2-19bca042701c	Animalia	Chordata	Actinopterygii	Cypriniformes	Cyprinidae	Leucos	Leucos ylikiensis		SPECIES	Rutilus ylikiensis Economidis, 1991	GR	Lake Trichionis, Aetolia, Greece	19456090-b49a-11d8-abeb-b8a03c50a862									1988-08-04T02:00Z	4	8	1988	2359694	8536369	PRESERVED_SPECIMEN	NHMUK	ZOO	1989.4.4.36-41			CC0_1_0		P Economidis; Economidis			2018-02-04T20:02Z	STILLIMAGE	
1057164345	7e380070-f762-11e1-a439-00145eb45e9a	506b6ab4-d949-4d7f-a3f7-ca0f5d946d99	Animalia	Chordata	Actinopterygii	Cypriniformes	Cyprinidae	Leucos	Leucos ylikiensis		SPECIES	Rutilus ylikiensis Economidis, 1991	GR	Lake  Paralimni, Beotia, Greece	19456090-b49a-11d8-abeb-b8a03c50a862									1987-04-01T02:00Z	1	4	1987	2359694	8536369	PRESERVED_SPECIMEN	NHMUK	ZOO	1989.4.4.42-43			CC0_1_0		P Economidis; Economidis			2018-02-04T14:37Z	STILLIMAGE	
1012496735	ad43e954-dd79-4986-ae34-9ccdbd8bf568	KJ554524	Animalia	Chordata	Actinopterygii	Cypriniformes	Cyprinidae	Leucos	Leucos ylikiensis		SPECIES	Rutilus ylikiensis Economidis, 1991	GR		ada9d123-ddb4-467d-8891-806ea8d94230	38.43	23.25											2359694	8536369	UNKNOWN						CC_BY_4_0					2018-02-04T22:21Z		COUNTRY_DERIVED_FROM_COORDINATES;BASIS_OF_RECORD_INVALID;GEODETIC_DATUM_ASSUMED_WGS84;COUNTRY_INVALID;REFERENCES_URI_INVALID
1012496587	ad43e954-dd79-4986-ae34-9ccdbd8bf568	KJ554516	Animalia	Chordata	Actinopterygii	Cypriniformes	Cyprinidae	Leucos	Leucos ylikiensis		SPECIES	Rutilus ylikiensis Economidis, 1991	GR		ada9d123-ddb4-467d-8891-806ea8d94230	38.43	23.25											2359694	8536369	UNKNOWN						CC_BY_4_0					2018-02-04T22:21Z		COUNTRY_DERIVED_FROM_COORDINATES;BASIS_OF_RECORD_INVALID;GEODETIC_DATUM_ASSUMED_WGS84;COUNTRY_INVALID;REFERENCES_URI_INVALID
1012492123	ad43e954-dd79-4986-ae34-9ccdbd8bf568	KJ554316	Animalia	Chordata	Actinopterygii	Cypriniformes	Cyprinidae	Leucos	Leucos ylikiensis		SPECIES	Rutilus ylikiensis Economidis, 1991	GR		ada9d123-ddb4-467d-8891-806ea8d94230	38.43	23.25											2359694	8536369	UNKNOWN						CC_BY_4_0					2018-02-04T22:21Z		COUNTRY_DERIVED_FROM_COORDINATES;BASIS_OF_RECORD_INVALID;GEODETIC_DATUM_ASSUMED_WGS84;COUNTRY_INVALID;REFERENCES_URI_INVALID
1012492017	ad43e954-dd79-4986-ae34-9ccdbd8bf568	KJ554159	Animalia	Chordata	Actinopterygii	Cypriniformes	Cyprinidae	Leucos	Leucos ylikiensis		SPECIES	Rutilus ylikiensis Economidis, 1991	GR		ada9d123-ddb4-467d-8891-806ea8d94230	38.43	23.25											2359694	8536369	UNKNOWN						CC_BY_4_0					2018-02-04T22:21Z		COUNTRY_DERIVED_FROM_COORDINATES;BASIS_OF_RECORD_INVALID;GEODETIC_DATUM_ASSUMED_WGS84;COUNTRY_INVALID;REFERENCES_URI_INVALID
1012491997	ad43e954-dd79-4986-ae34-9ccdbd8bf568	KJ554256	Animalia	Chordata	Actinopterygii	Cypriniformes	Cyprinidae	Leucos	Leucos ylikiensis		SPECIES	Rutilus ylikiensis Economidis, 1991	GR		ada9d123-ddb4-467d-8891-806ea8d94230	38.43	23.25											2359694	8536369	UNKNOWN						CC_BY_4_0					2018-02-04T22:21Z		COUNTRY_DERIVED_FROM_COORDINATES;BASIS_OF_RECORD_INVALID;GEODETIC_DATUM_ASSUMED_WGS84;COUNTRY_INVALID;REFERENCES_URI_INVALID
1012491609	ad43e954-dd79-4986-ae34-9ccdbd8bf568	KJ554233	Animalia	Chordata	Actinopterygii	Cypriniformes	Cyprinidae	Leucos	Leucos ylikiensis		SPECIES	Rutilus ylikiensis Economidis, 1991	GR		ada9d123-ddb4-467d-8891-806ea8d94230	38.43	23.25											2359694	8536369	UNKNOWN						CC_BY_4_0					2018-02-04T22:21Z		COUNTRY_DERIVED_FROM_COORDINATES;BASIS_OF_RECORD_INVALID;GEODETIC_DATUM_ASSUMED_WGS84;COUNTRY_INVALID;REFERENCES_URI_INVALID
911385707	f5a6ade4-b414-4ebc-a84a-c6800a2df2da		Animalia	Chordata	Actinopterygii	Cypriniformes	Cyprinidae	Leucos	Leucos ylikiensis		SPECIES	Rutilus ylikiensis Economidis, 1991	GR	Kifissos	6e1cad80-bdf5-11d8-84ea-b8a03c50a862									2011-09-30T02:00Z	30	9	2011	2359694	8536369	PRESERVED_SPECIMEN	ZFMK	ICH	Ex08G8 / 725380 / 81207		J.Freyhof	CC_BY_4_0		J.Freyhof			2018-02-04T08:39Z		
911385704	f5a6ade4-b414-4ebc-a84a-c6800a2df2da		Animalia	Chordata	Actinopterygii	Cypriniformes	Cyprinidae	Leucos	Leucos ylikiensis		SPECIES	Rutilus ylikiensis Economidis, 1991	GR	Kifissos	6e1cad80-bdf5-11d8-84ea-b8a03c50a862									2011-09-30T02:00Z	30	9	2011	2359694	8536369	PRESERVED_SPECIMEN	ZFMK	ICH	Ex08G10 / 725382 / 81209		J.Freyhof	CC_BY_4_0		J.Freyhof			2018-02-04T08:39Z		
911385701	f5a6ade4-b414-4ebc-a84a-c6800a2df2da		Animalia	Chordata	Actinopterygii	Cypriniformes	Cyprinidae	Leucos	Leucos ylikiensis		SPECIES	Rutilus ylikiensis Economidis, 1991	GR	Kifissos	6e1cad80-bdf5-11d8-84ea-b8a03c50a862									2011-09-30T02:00Z	30	9	2011	2359694	8536369	PRESERVED_SPECIMEN	ZFMK	ICH	Ex08H1 / 725385 / 81212		J.Freyhof	CC_BY_4_0		J.Freyhof			2018-02-04T08:39Z		
911385698	f5a6ade4-b414-4ebc-a84a-c6800a2df2da		Animalia	Chordata	Actinopterygii	Cypriniformes	Cyprinidae	Leucos	Leucos ylikiensis		SPECIES	Rutilus ylikiensis Economidis, 1991	GR	Kifissos	6e1cad80-bdf5-11d8-84ea-b8a03c50a862									2011-09-30T02:00Z	30	9	2011	2359694	8536369	PRESERVED_SPECIMEN	ZFMK	ICH	Ex08G12 / 725384 / 81211		J.Freyhof	CC_BY_4_0		J.Freyhof			2018-02-04T08:39Z		
911385629	f5a6ade4-b414-4ebc-a84a-c6800a2df2da		Animalia	Chordata	Actinopterygii	Cypriniformes	Cyprinidae	Leucos	Leucos ylikiensis		SPECIES	Rutilus ylikiensis Economidis, 1991	GR	Kifissos	6e1cad80-bdf5-11d8-84ea-b8a03c50a862									2011-09-30T02:00Z	30	9	2011	2359694	8536369	PRESERVED_SPECIMEN	ZFMK	ICH	Ex08G9 / 725381 / 81208		J.Freyhof	CC_BY_4_0		J.Freyhof			2018-02-04T08:39Z		
911385625	f5a6ade4-b414-4ebc-a84a-c6800a2df2da		Animalia	Chordata	Actinopterygii	Cypriniformes	Cyprinidae	Leucos	Leucos ylikiensis		SPECIES	Rutilus ylikiensis Economidis, 1991	GR	Kifissos	6e1cad80-bdf5-11d8-84ea-b8a03c50a862									2011-09-30T02:00Z	30	9	2011	2359694	8536369	PRESERVED_SPECIMEN	ZFMK	ICH	Ex08G11 / 725383 / 81210		J.Freyhof	CC_BY_4_0		J.Freyhof			2018-02-04T08:39Z		
911385623	f5a6ade4-b414-4ebc-a84a-c6800a2df2da		Animalia	Chordata	Actinopterygii	Cypriniformes	Cyprinidae	Leucos	Leucos ylikiensis		SPECIES	Rutilus ylikiensis Economidis, 1991	GR	Kifissos	6e1cad80-bdf5-11d8-84ea-b8a03c50a862									2011-09-30T02:00Z	30	9	2011	2359694	8536369	PRESERVED_SPECIMEN	ZFMK	ICH	Ex08G7 / 725379 / 81206		J.Freyhof	CC_BY_4_0		J.Freyhof			2018-02-04T08:39Z		
234154860	8379962a-f762-11e1-a439-00145eb45e9a	234154860	Animalia	Chordata	Actinopterygii	Cypriniformes	Cyprinidae	Leucos	Leucos ylikiensis		SPECIES	Rutilus ylikiensis Economidis, 1991	GR	Gouriotissa	3059a14b-7b43-41ce-beef-873999911dfe													2359694	8536369	PRESERVED_SPECIMEN	MNCN	MNCN_ICTIO	95157			CC_BY_NC_4_0		González, J.A.; Machordom, A.			2018-02-23T09:20Z		
234154859	8379962a-f762-11e1-a439-00145eb45e9a	234154859	Animalia	Chordata	Actinopterygii	Cypriniformes	Cyprinidae	Leucos	Leucos ylikiensis		SPECIES	Rutilus ylikiensis Economidis, 1991	GR	Gouriotissa	3059a14b-7b43-41ce-beef-873999911dfe													2359694	8536369	PRESERVED_SPECIMEN	MNCN	MNCN_ICTIO	95156			CC_BY_NC_4_0		González, J.A.; Machordom, A.			2018-02-23T09:20Z		
234154858	8379962a-f762-11e1-a439-00145eb45e9a	234154858	Animalia	Chordata	Actinopterygii	Cypriniformes	Cyprinidae	Leucos	Leucos ylikiensis		SPECIES	Rutilus ylikiensis Economidis, 1991	GR	Gouriotissa	3059a14b-7b43-41ce-beef-873999911dfe													2359694	8536369	PRESERVED_SPECIMEN	MNCN	MNCN_ICTIO	95155			CC_BY_NC_4_0		González, J.A.; Machordom, A.			2018-02-23T09:20Z		
234154857	8379962a-f762-11e1-a439-00145eb45e9a	234154857	Animalia	Chordata	Actinopterygii	Cypriniformes	Cyprinidae	Leucos	Leucos ylikiensis		SPECIES	Rutilus ylikiensis Economidis, 1991	GR	Gouriotissa	3059a14b-7b43-41ce-beef-873999911dfe													2359694	8536369	PRESERVED_SPECIMEN	MNCN	MNCN_ICTIO	95154			CC_BY_NC_4_0		González, J.A.; Machordom, A.			2018-02-23T09:20Z		
234154830	8379962a-f762-11e1-a439-00145eb45e9a	234154830	Animalia	Chordata	Actinopterygii	Cypriniformes	Cyprinidae	Leucos	Leucos ylikiensis		SPECIES	Rutilus ylikiensis Economidis, 1991	GR	Lamia	3059a14b-7b43-41ce-beef-873999911dfe													2359694	8536369	PRESERVED_SPECIMEN	MNCN	MNCN_ICTIO	94598		I.Doadrio/94	CC_BY_NC_4_0		Doadrio, I.; González, J.A.; Perdices, A.			2018-02-23T09:20Z		
234154829	8379962a-f762-11e1-a439-00145eb45e9a	234154829	Animalia	Chordata	Actinopterygii	Cypriniformes	Cyprinidae	Leucos	Leucos ylikiensis		SPECIES	Rutilus ylikiensis Economidis, 1991	GR	Lamia	3059a14b-7b43-41ce-beef-873999911dfe													2359694	8536369	PRESERVED_SPECIMEN	MNCN	MNCN_ICTIO	94597		I.Doadrio/94	CC_BY_NC_4_0		Doadrio, I.; González, J.A.; Perdices, A.			2018-02-23T09:20Z		
234154828	8379962a-f762-11e1-a439-00145eb45e9a	234154828	Animalia	Chordata	Actinopterygii	Cypriniformes	Cyprinidae	Leucos	Leucos ylikiensis		SPECIES	Rutilus ylikiensis Economidis, 1991	GR	Lamia	3059a14b-7b43-41ce-beef-873999911dfe													2359694	8536369	PRESERVED_SPECIMEN	MNCN	MNCN_ICTIO	94596		I.Doadrio/94	CC_BY_NC_4_0		Doadrio, I.; González, J.A.; Perdices, A.			2018-02-23T09:20Z		
234154827	8379962a-f762-11e1-a439-00145eb45e9a	234154827	Animalia	Chordata	Actinopterygii	Cypriniformes	Cyprinidae	Leucos	Leucos ylikiensis		SPECIES	Rutilus ylikiensis Economidis, 1991	GR	Lamia	3059a14b-7b43-41ce-beef-873999911dfe													2359694	8536369	PRESERVED_SPECIMEN	MNCN	MNCN_ICTIO	94595		I.Doadrio/94	CC_BY_NC_4_0		Doadrio, I.; González, J.A.; Perdices, A.			2018-02-23T09:20Z		
234154826	8379962a-f762-11e1-a439-00145eb45e9a	234154826	Animalia	Chordata	Actinopterygii	Cypriniformes	Cyprinidae	Leucos	Leucos ylikiensis		SPECIES	Rutilus ylikiensis Economidis, 1991	GR	Lamia	3059a14b-7b43-41ce-beef-873999911dfe													2359694	8536369	PRESERVED_SPECIMEN	MNCN	MNCN_ICTIO	94594		I.Doadrio/94	CC_BY_NC_4_0		Doadrio, I.; González, J.A.; Perdices, A.			2018-02-23T09:20Z		
234154825	8379962a-f762-11e1-a439-00145eb45e9a	234154825	Animalia	Chordata	Actinopterygii	Cypriniformes	Cyprinidae	Leucos	Leucos ylikiensis		SPECIES	Rutilus ylikiensis Economidis, 1991	GR	Lamia	3059a14b-7b43-41ce-beef-873999911dfe													2359694	8536369	PRESERVED_SPECIMEN	MNCN	MNCN_ICTIO	94593		I.Doadrio/94	CC_BY_NC_4_0		Doadrio, I.; González, J.A.; Perdices, A.			2018-02-23T09:20Z		
234154824	8379962a-f762-11e1-a439-00145eb45e9a	234154824	Animalia	Chordata	Actinopterygii	Cypriniformes	Cyprinidae	Leucos	Leucos ylikiensis		SPECIES	Rutilus ylikiensis Economidis, 1991	GR	Lamia	3059a14b-7b43-41ce-beef-873999911dfe													2359694	8536369	PRESERVED_SPECIMEN	MNCN	MNCN_ICTIO	94592		I.Doadrio/94	CC_BY_NC_4_0		Doadrio, I.; González, J.A.; Perdices, A.			2018-02-23T09:20Z		
234154823	8379962a-f762-11e1-a439-00145eb45e9a	234154823	Animalia	Chordata	Actinopterygii	Cypriniformes	Cyprinidae	Leucos	Leucos ylikiensis		SPECIES	Rutilus ylikiensis Economidis, 1991	GR	Lamia	3059a14b-7b43-41ce-beef-873999911dfe													2359694	8536369	PRESERVED_SPECIMEN	MNCN	MNCN_ICTIO	94591		I.Doadrio/94	CC_BY_NC_4_0		Doadrio, I.; González, J.A.; Perdices, A.			2018-02-23T09:20Z		
234154822	8379962a-f762-11e1-a439-00145eb45e9a	234154822	Animalia	Chordata	Actinopterygii	Cypriniformes	Cyprinidae	Leucos	Leucos ylikiensis		SPECIES	Rutilus ylikiensis Economidis, 1991	GR	Lamia	3059a14b-7b43-41ce-beef-873999911dfe													2359694	8536369	PRESERVED_SPECIMEN	MNCN	MNCN_ICTIO	94590		I.Doadrio/94	CC_BY_NC_4_0		Doadrio, I.; González, J.A.; Perdices, A.			2018-02-23T09:20Z		
234154821	8379962a-f762-11e1-a439-00145eb45e9a	234154821	Animalia	Chordata	Actinopterygii	Cypriniformes	Cyprinidae	Leucos	Leucos ylikiensis		SPECIES	Rutilus ylikiensis Economidis, 1991	GR	Lamia	3059a14b-7b43-41ce-beef-873999911dfe													2359694	8536369	PRESERVED_SPECIMEN	MNCN	MNCN_ICTIO	94589		I.Doadrio/94	CC_BY_NC_4_0		Doadrio, I.; González, J.A.; Perdices, A.			2018-02-23T09:20Z		
234154820	8379962a-f762-11e1-a439-00145eb45e9a	234154820	Animalia	Chordata	Actinopterygii	Cypriniformes	Cyprinidae	Leucos	Leucos ylikiensis		SPECIES	Rutilus ylikiensis Economidis, 1991	GR	Orhomenos	3059a14b-7b43-41ce-beef-873999911dfe													2359694	8536369	PRESERVED_SPECIMEN	MNCN	MNCN_ICTIO	93173		I.Doadrio/94	CC_BY_NC_4_0		Doadrio, I.; González, J.A.; Perdices, A.			2018-02-23T09:20Z		
234154819	8379962a-f762-11e1-a439-00145eb45e9a	234154819	Animalia	Chordata	Actinopterygii	Cypriniformes	Cyprinidae	Leucos	Leucos ylikiensis		SPECIES	Rutilus ylikiensis Economidis, 1991	GR	Orhomenos	3059a14b-7b43-41ce-beef-873999911dfe													2359694	8536369	PRESERVED_SPECIMEN	MNCN	MNCN_ICTIO	93172		I.Doadrio/94	CC_BY_NC_4_0		Doadrio, I.; González, J.A.; Perdices, A.			2018-02-23T09:20Z		
234154818	8379962a-f762-11e1-a439-00145eb45e9a	234154818	Animalia	Chordata	Actinopterygii	Cypriniformes	Cyprinidae	Leucos	Leucos ylikiensis		SPECIES	Rutilus ylikiensis Economidis, 1991	GR	Orhomenos	3059a14b-7b43-41ce-beef-873999911dfe													2359694	8536369	PRESERVED_SPECIMEN	MNCN	MNCN_ICTIO	93171		I.Doadrio/94	CC_BY_NC_4_0		Doadrio, I.; González, J.A.; Perdices, A.			2018-02-23T09:20Z		
234154817	8379962a-f762-11e1-a439-00145eb45e9a	234154817	Animalia	Chordata	Actinopterygii	Cypriniformes	Cyprinidae	Leucos	Leucos ylikiensis		SPECIES	Rutilus ylikiensis Economidis, 1991	GR	Orhomenos	3059a14b-7b43-41ce-beef-873999911dfe													2359694	8536369	PRESERVED_SPECIMEN	MNCN	MNCN_ICTIO	93170		I.Doadrio/94	CC_BY_NC_4_0		Doadrio, I.; González, J.A.; Perdices, A.			2018-02-23T09:20Z		
234154816	8379962a-f762-11e1-a439-00145eb45e9a	234154816	Animalia	Chordata	Actinopterygii	Cypriniformes	Cyprinidae	Leucos	Leucos ylikiensis		SPECIES	Rutilus ylikiensis Economidis, 1991	GR	Orhomenos	3059a14b-7b43-41ce-beef-873999911dfe													2359694	8536369	PRESERVED_SPECIMEN	MNCN	MNCN_ICTIO	93169		I.Doadrio/94	CC_BY_NC_4_0		Doadrio, I.; González, J.A.; Perdices, A.			2018-02-23T09:20Z		
234154815	8379962a-f762-11e1-a439-00145eb45e9a	234154815	Animalia	Chordata	Actinopterygii	Cypriniformes	Cyprinidae	Leucos	Leucos ylikiensis		SPECIES	Rutilus ylikiensis Economidis, 1991	GR	Orhomenos	3059a14b-7b43-41ce-beef-873999911dfe													2359694	8536369	PRESERVED_SPECIMEN	MNCN	MNCN_ICTIO	93168		I.Doadrio/94	CC_BY_NC_4_0		Doadrio, I.; González, J.A.; Perdices, A.			2018-02-23T09:20Z		
234154814	8379962a-f762-11e1-a439-00145eb45e9a	234154814	Animalia	Chordata	Actinopterygii	Cypriniformes	Cyprinidae	Leucos	Leucos ylikiensis		SPECIES	Rutilus ylikiensis Economidis, 1991	GR	Orhomenos	3059a14b-7b43-41ce-beef-873999911dfe													2359694	8536369	PRESERVED_SPECIMEN	MNCN	MNCN_ICTIO	93167		I.Doadrio/94	CC_BY_NC_4_0		Doadrio, I.; González, J.A.; Perdices, A.			2018-02-23T09:20Z		
234154813	8379962a-f762-11e1-a439-00145eb45e9a	234154813	Animalia	Chordata	Actinopterygii	Cypriniformes	Cyprinidae	Leucos	Leucos ylikiensis		SPECIES	Rutilus ylikiensis Economidis, 1991	GR	Orhomenos	3059a14b-7b43-41ce-beef-873999911dfe													2359694	8536369	PRESERVED_SPECIMEN	MNCN	MNCN_ICTIO	93166		I.Doadrio/94	CC_BY_NC_4_0		Doadrio, I.; González, J.A.; Perdices, A.			2018-02-23T09:20Z		
234154812	8379962a-f762-11e1-a439-00145eb45e9a	234154812	Animalia	Chordata	Actinopterygii	Cypriniformes	Cyprinidae	Leucos	Leucos ylikiensis		SPECIES	Rutilus ylikiensis Economidis, 1991	GR	Orhomenos	3059a14b-7b43-41ce-beef-873999911dfe													2359694	8536369	PRESERVED_SPECIMEN	MNCN	MNCN_ICTIO	93165		I.Doadrio/94	CC_BY_NC_4_0		Doadrio, I.; González, J.A.; Perdices, A.			2018-02-23T09:20Z		
234154811	8379962a-f762-11e1-a439-00145eb45e9a	234154811	Animalia	Chordata	Actinopterygii	Cypriniformes	Cyprinidae	Leucos	Leucos ylikiensis		SPECIES	Rutilus ylikiensis Economidis, 1991	GR	Orhomenos	3059a14b-7b43-41ce-beef-873999911dfe													2359694	8536369	PRESERVED_SPECIMEN	MNCN	MNCN_ICTIO	93164		I.Doadrio/94	CC_BY_NC_4_0		Doadrio, I.; González, J.A.; Perdices, A.			2018-02-23T09:20Z		
234154810	8379962a-f762-11e1-a439-00145eb45e9a	234154810	Animalia	Chordata	Actinopterygii	Cypriniformes	Cyprinidae	Leucos	Leucos ylikiensis		SPECIES	Rutilus ylikiensis Economidis, 1991	GR	Orhomenos	3059a14b-7b43-41ce-beef-873999911dfe													2359694	8536369	PRESERVED_SPECIMEN	MNCN	MNCN_ICTIO	93163		I.Doadrio/94	CC_BY_NC_4_0		Doadrio, I.; González, J.A.; Perdices, A.			2018-02-23T09:20Z		
234154809	8379962a-f762-11e1-a439-00145eb45e9a	234154809	Animalia	Chordata	Actinopterygii	Cypriniformes	Cyprinidae	Leucos	Leucos ylikiensis		SPECIES	Rutilus ylikiensis Economidis, 1991	GR	Orhomenos	3059a14b-7b43-41ce-beef-873999911dfe													2359694	8536369	PRESERVED_SPECIMEN	MNCN	MNCN_ICTIO	93162		I.Doadrio/94	CC_BY_NC_4_0		Doadrio, I.; González, J.A.; Perdices, A.			2018-02-23T09:20Z		
234154808	8379962a-f762-11e1-a439-00145eb45e9a	234154808	Animalia	Chordata	Actinopterygii	Cypriniformes	Cyprinidae	Leucos	Leucos ylikiensis		SPECIES	Rutilus ylikiensis Economidis, 1991	GR	Orhomenos	3059a14b-7b43-41ce-beef-873999911dfe													2359694	8536369	PRESERVED_SPECIMEN	MNCN	MNCN_ICTIO	93161		I.Doadrio/94	CC_BY_NC_4_0		Doadrio, I.; González, J.A.; Perdices, A.			2018-02-23T09:20Z		
234154807	8379962a-f762-11e1-a439-00145eb45e9a	234154807	Animalia	Chordata	Actinopterygii	Cypriniformes	Cyprinidae	Leucos	Leucos ylikiensis		SPECIES	Rutilus ylikiensis Economidis, 1991	GR	Orhomenos	3059a14b-7b43-41ce-beef-873999911dfe													2359694	8536369	PRESERVED_SPECIMEN	MNCN	MNCN_ICTIO	93160		I.Doadrio/94	CC_BY_NC_4_0		Doadrio, I.; González, J.A.; Perdices, A.			2018-02-23T09:20Z		
234154806	8379962a-f762-11e1-a439-00145eb45e9a	234154806	Animalia	Chordata	Actinopterygii	Cypriniformes	Cyprinidae	Leucos	Leucos ylikiensis		SPECIES	Rutilus ylikiensis Economidis, 1991	GR	Orhomenos	3059a14b-7b43-41ce-beef-873999911dfe													2359694	8536369	PRESERVED_SPECIMEN	MNCN	MNCN_ICTIO	93159		I.Doadrio/94	CC_BY_NC_4_0		Doadrio, I.; González, J.A.; Perdices, A.			2018-02-23T09:20Z		
234154805	8379962a-f762-11e1-a439-00145eb45e9a	234154805	Animalia	Chordata	Actinopterygii	Cypriniformes	Cyprinidae	Leucos	Leucos ylikiensis		SPECIES	Rutilus ylikiensis Economidis, 1991	GR	Orhomenos	3059a14b-7b43-41ce-beef-873999911dfe													2359694	8536369	PRESERVED_SPECIMEN	MNCN	MNCN_ICTIO	93120		I.Doadrio/94	CC_BY_NC_4_0		Doadrio, I.; Perdices, A.; González, J.A.			2018-02-23T09:20Z		
234153739	8379962a-f762-11e1-a439-00145eb45e9a	234153739	Animalia	Chordata	Actinopterygii	Cypriniformes	Cyprinidae	Leucos	Leucos ylikiensis		SPECIES	Rutilus ylikiensis Economidis, 1991	GR	Orhomenos	3059a14b-7b43-41ce-beef-873999911dfe													2359694	8536369	PRESERVED_SPECIMEN	MNCN	MNCN_ICTIO	125146			CC_BY_NC_4_0		Doadrio, I.; González, J.A.; Perdices, A.			2018-02-23T09:20Z		
234153738	8379962a-f762-11e1-a439-00145eb45e9a	234153738	Animalia	Chordata	Actinopterygii	Cypriniformes	Cyprinidae	Leucos	Leucos ylikiensis		SPECIES	Rutilus ylikiensis Economidis, 1991	GR	Orhomenos	3059a14b-7b43-41ce-beef-873999911dfe													2359694	8536369	PRESERVED_SPECIMEN	MNCN	MNCN_ICTIO	125145			CC_BY_NC_4_0		Doadrio, I.; González, J.A.; Perdices, A.			2018-02-23T09:20Z		
234153737	8379962a-f762-11e1-a439-00145eb45e9a	234153737	Animalia	Chordata	Actinopterygii	Cypriniformes	Cyprinidae	Leucos	Leucos ylikiensis		SPECIES	Rutilus ylikiensis Economidis, 1991	GR	Orhomenos	3059a14b-7b43-41ce-beef-873999911dfe													2359694	8536369	PRESERVED_SPECIMEN	MNCN	MNCN_ICTIO	125144			CC_BY_NC_4_0		Doadrio, I.; González, J.A.; Perdices, A.			2018-02-23T09:20Z		
234153736	8379962a-f762-11e1-a439-00145eb45e9a	234153736	Animalia	Chordata	Actinopterygii	Cypriniformes	Cyprinidae	Leucos	Leucos ylikiensis		SPECIES	Rutilus ylikiensis Economidis, 1991	GR	Orhomenos	3059a14b-7b43-41ce-beef-873999911dfe													2359694	8536369	PRESERVED_SPECIMEN	MNCN	MNCN_ICTIO	125143			CC_BY_NC_4_0		Doadrio, I.; González, J.A.; Perdices, A.			2018-02-23T09:20Z		
234153735	8379962a-f762-11e1-a439-00145eb45e9a	234153735	Animalia	Chordata	Actinopterygii	Cypriniformes	Cyprinidae	Leucos	Leucos ylikiensis		SPECIES	Rutilus ylikiensis Economidis, 1991	GR	Orhomenos	3059a14b-7b43-41ce-beef-873999911dfe													2359694	8536369	PRESERVED_SPECIMEN	MNCN	MNCN_ICTIO	125142			CC_BY_NC_4_0		Doadrio, I.; González, J.A.; Perdices, A.			2018-02-23T09:20Z		
234153734	8379962a-f762-11e1-a439-00145eb45e9a	234153734	Animalia	Chordata	Actinopterygii	Cypriniformes	Cyprinidae	Leucos	Leucos ylikiensis		SPECIES	Rutilus ylikiensis Economidis, 1991	GR	Orhomenos	3059a14b-7b43-41ce-beef-873999911dfe													2359694	8536369	PRESERVED_SPECIMEN	MNCN	MNCN_ICTIO	125141			CC_BY_NC_4_0		Doadrio, I.; González, J.A.; Perdices, A.			2018-02-23T09:20Z		
234153733	8379962a-f762-11e1-a439-00145eb45e9a	234153733	Animalia	Chordata	Actinopterygii	Cypriniformes	Cyprinidae	Leucos	Leucos ylikiensis		SPECIES	Rutilus ylikiensis Economidis, 1991	GR	Orhomenos	3059a14b-7b43-41ce-beef-873999911dfe													2359694	8536369	PRESERVED_SPECIMEN	MNCN	MNCN_ICTIO	125140			CC_BY_NC_4_0		Doadrio, I.; González, J.A.; Perdices, A.			2018-02-23T09:20Z		
234153732	8379962a-f762-11e1-a439-00145eb45e9a	234153732	Animalia	Chordata	Actinopterygii	Cypriniformes	Cyprinidae	Leucos	Leucos ylikiensis		SPECIES	Rutilus ylikiensis Economidis, 1991	GR	Orhomenos	3059a14b-7b43-41ce-beef-873999911dfe													2359694	8536369	PRESERVED_SPECIMEN	MNCN	MNCN_ICTIO	125139			CC_BY_NC_4_0		Doadrio, I.; González, J.A.; Perdices, A.			2018-02-23T09:20Z		
234153731	8379962a-f762-11e1-a439-00145eb45e9a	234153731	Animalia	Chordata	Actinopterygii	Cypriniformes	Cyprinidae	Leucos	Leucos ylikiensis		SPECIES	Rutilus ylikiensis Economidis, 1991	GR	Orhomenos	3059a14b-7b43-41ce-beef-873999911dfe													2359694	8536369	PRESERVED_SPECIMEN	MNCN	MNCN_ICTIO	125138			CC_BY_NC_4_0		Doadrio, I.; González, J.A.; Perdices, A.			2018-02-23T09:20Z		
234153730	8379962a-f762-11e1-a439-00145eb45e9a	234153730	Animalia	Chordata	Actinopterygii	Cypriniformes	Cyprinidae	Leucos	Leucos ylikiensis		SPECIES	Rutilus ylikiensis Economidis, 1991	GR	Orhomenos	3059a14b-7b43-41ce-beef-873999911dfe													2359694	8536369	PRESERVED_SPECIMEN	MNCN	MNCN_ICTIO	125137			CC_BY_NC_4_0		Doadrio, I.; González, J.A.; Perdices, A.			2018-02-23T09:20Z		
234153729	8379962a-f762-11e1-a439-00145eb45e9a	234153729	Animalia	Chordata	Actinopterygii	Cypriniformes	Cyprinidae	Leucos	Leucos ylikiensis		SPECIES	Rutilus ylikiensis Economidis, 1991	GR	Orhomenos	3059a14b-7b43-41ce-beef-873999911dfe													2359694	8536369	PRESERVED_SPECIMEN	MNCN	MNCN_ICTIO	125136			CC_BY_NC_4_0		Doadrio, I.; González, J.A.; Perdices, A.			2018-02-23T09:20Z		
234153728	8379962a-f762-11e1-a439-00145eb45e9a	234153728	Animalia	Chordata	Actinopterygii	Cypriniformes	Cyprinidae	Leucos	Leucos ylikiensis		SPECIES	Rutilus ylikiensis Economidis, 1991	GR	Orhomenos	3059a14b-7b43-41ce-beef-873999911dfe													2359694	8536369	PRESERVED_SPECIMEN	MNCN	MNCN_ICTIO	125135			CC_BY_NC_4_0		Doadrio, I.; González, J.A.; Perdices, A.			2018-02-23T09:20Z		
234153727	8379962a-f762-11e1-a439-00145eb45e9a	234153727	Animalia	Chordata	Actinopterygii	Cypriniformes	Cyprinidae	Leucos	Leucos ylikiensis		SPECIES	Rutilus ylikiensis Economidis, 1991	GR	Lamia	3059a14b-7b43-41ce-beef-873999911dfe													2359694	8536369	PRESERVED_SPECIMEN	MNCN	MNCN_ICTIO	124951			CC_BY_NC_4_0		Doadrio, I.; González, J.A.; Perdices, A.			2018-02-23T09:20Z		
234153726	8379962a-f762-11e1-a439-00145eb45e9a	234153726	Animalia	Chordata	Actinopterygii	Cypriniformes	Cyprinidae	Leucos	Leucos ylikiensis		SPECIES	Rutilus ylikiensis Economidis, 1991	GR	Lamia	3059a14b-7b43-41ce-beef-873999911dfe													2359694	8536369	PRESERVED_SPECIMEN	MNCN	MNCN_ICTIO	124950			CC_BY_NC_4_0		Doadrio, I.; González, J.A.; Perdices, A.			2018-02-23T09:20Z		
234153725	8379962a-f762-11e1-a439-00145eb45e9a	234153725	Animalia	Chordata	Actinopterygii	Cypriniformes	Cyprinidae	Leucos	Leucos ylikiensis		SPECIES	Rutilus ylikiensis Economidis, 1991	GR	Lamia	3059a14b-7b43-41ce-beef-873999911dfe													2359694	8536369	PRESERVED_SPECIMEN	MNCN	MNCN_ICTIO	124949			CC_BY_NC_4_0		Doadrio, I.; González, J.A.; Perdices, A.			2018-02-23T09:20Z		
234153724	8379962a-f762-11e1-a439-00145eb45e9a	234153724	Animalia	Chordata	Actinopterygii	Cypriniformes	Cyprinidae	Leucos	Leucos ylikiensis		SPECIES	Rutilus ylikiensis Economidis, 1991	GR	Lamia	3059a14b-7b43-41ce-beef-873999911dfe													2359694	8536369	PRESERVED_SPECIMEN	MNCN	MNCN_ICTIO	124948			CC_BY_NC_4_0		Doadrio, I.; González, J.A.; Perdices, A.			2018-02-23T09:20Z		
234153723	8379962a-f762-11e1-a439-00145eb45e9a	234153723	Animalia	Chordata	Actinopterygii	Cypriniformes	Cyprinidae	Leucos	Leucos ylikiensis		SPECIES	Rutilus ylikiensis Economidis, 1991	GR	Lamia	3059a14b-7b43-41ce-beef-873999911dfe													2359694	8536369	PRESERVED_SPECIMEN	MNCN	MNCN_ICTIO	124947			CC_BY_NC_4_0		Doadrio, I.; González, J.A.; Perdices, A.			2018-02-23T09:20Z		
234153722	8379962a-f762-11e1-a439-00145eb45e9a	234153722	Animalia	Chordata	Actinopterygii	Cypriniformes	Cyprinidae	Leucos	Leucos ylikiensis		SPECIES	Rutilus ylikiensis Economidis, 1991	GR	Lamia	3059a14b-7b43-41ce-beef-873999911dfe													2359694	8536369	PRESERVED_SPECIMEN	MNCN	MNCN_ICTIO	124946			CC_BY_NC_4_0		Doadrio, I.; González, J.A.; Perdices, A.			2018-02-23T09:20Z		
234153721	8379962a-f762-11e1-a439-00145eb45e9a	234153721	Animalia	Chordata	Actinopterygii	Cypriniformes	Cyprinidae	Leucos	Leucos ylikiensis		SPECIES	Rutilus ylikiensis Economidis, 1991	GR	Lamia	3059a14b-7b43-41ce-beef-873999911dfe													2359694	8536369	PRESERVED_SPECIMEN	MNCN	MNCN_ICTIO	124945			CC_BY_NC_4_0		Doadrio, I.; González, J.A.; Perdices, A.			2018-02-23T09:20Z		
234153720	8379962a-f762-11e1-a439-00145eb45e9a	234153720	Animalia	Chordata	Actinopterygii	Cypriniformes	Cyprinidae	Leucos	Leucos ylikiensis		SPECIES	Rutilus ylikiensis Economidis, 1991	GR	Lamia	3059a14b-7b43-41ce-beef-873999911dfe													2359694	8536369	PRESERVED_SPECIMEN	MNCN	MNCN_ICTIO	124944			CC_BY_NC_4_0		Doadrio, I.; González, J.A.; Perdices, A.			2018-02-23T09:20Z		
234153719	8379962a-f762-11e1-a439-00145eb45e9a	234153719	Animalia	Chordata	Actinopterygii	Cypriniformes	Cyprinidae	Leucos	Leucos ylikiensis		SPECIES	Rutilus ylikiensis Economidis, 1991	GR	Lamia	3059a14b-7b43-41ce-beef-873999911dfe													2359694	8536369	PRESERVED_SPECIMEN	MNCN	MNCN_ICTIO	124943			CC_BY_NC_4_0		Doadrio, I.; González, J.A.; Perdices, A.			2018-02-23T09:20Z		
234153718	8379962a-f762-11e1-a439-00145eb45e9a	234153718	Animalia	Chordata	Actinopterygii	Cypriniformes	Cyprinidae	Leucos	Leucos ylikiensis		SPECIES	Rutilus ylikiensis Economidis, 1991	GR	Lamia	3059a14b-7b43-41ce-beef-873999911dfe													2359694	8536369	PRESERVED_SPECIMEN	MNCN	MNCN_ICTIO	124942			CC_BY_NC_4_0		Doadrio, I.; González, J.A.; Perdices, A.			2018-02-23T09:20Z		
234153717	8379962a-f762-11e1-a439-00145eb45e9a	234153717	Animalia	Chordata	Actinopterygii	Cypriniformes	Cyprinidae	Leucos	Leucos ylikiensis		SPECIES	Rutilus ylikiensis Economidis, 1991	GR	Lamia	3059a14b-7b43-41ce-beef-873999911dfe													2359694	8536369	PRESERVED_SPECIMEN	MNCN	MNCN_ICTIO	124941			CC_BY_NC_4_0		Doadrio, I.; González, J.A.; Perdices, A.			2018-02-23T09:20Z		
234153716	8379962a-f762-11e1-a439-00145eb45e9a	234153716	Animalia	Chordata	Actinopterygii	Cypriniformes	Cyprinidae	Leucos	Leucos ylikiensis		SPECIES	Rutilus ylikiensis Economidis, 1991	GR	Lamia	3059a14b-7b43-41ce-beef-873999911dfe													2359694	8536369	PRESERVED_SPECIMEN	MNCN	MNCN_ICTIO	124940			CC_BY_NC_4_0		Doadrio, I.; González, J.A.; Perdices, A.			2018-02-23T09:20Z		
234153710	8379962a-f762-11e1-a439-00145eb45e9a	234153710	Animalia	Chordata	Actinopterygii	Cypriniformes	Cyprinidae	Leucos	Leucos ylikiensis		SPECIES	Rutilus ylikiensis Economidis, 1991	GR	Panetolio	3059a14b-7b43-41ce-beef-873999911dfe													2359694	8536369	PRESERVED_SPECIMEN	MNCN	MNCN_ICTIO	120909			CC_BY_NC_4_0		Doadrio, I.; Perdices, A.; González, J.A.			2018-02-23T09:20Z		
234153709	8379962a-f762-11e1-a439-00145eb45e9a	234153709	Animalia	Chordata	Actinopterygii	Cypriniformes	Cyprinidae	Leucos	Leucos ylikiensis		SPECIES	Rutilus ylikiensis Economidis, 1991	GR	Panetolio	3059a14b-7b43-41ce-beef-873999911dfe													2359694	8536369	PRESERVED_SPECIMEN	MNCN	MNCN_ICTIO	120908			CC_BY_NC_4_0		Doadrio, I.; Perdices, A.; González, J.A.			2018-02-23T09:20Z		
234153708	8379962a-f762-11e1-a439-00145eb45e9a	234153708	Animalia	Chordata	Actinopterygii	Cypriniformes	Cyprinidae	Leucos	Leucos ylikiensis		SPECIES	Rutilus ylikiensis Economidis, 1991	GR	Panetolio	3059a14b-7b43-41ce-beef-873999911dfe													2359694	8536369	PRESERVED_SPECIMEN	MNCN	MNCN_ICTIO	120907			CC_BY_NC_4_0		Doadrio, I.; Perdices, A.; González, J.A.			2018-02-23T09:20Z		
234153707	8379962a-f762-11e1-a439-00145eb45e9a	234153707	Animalia	Chordata	Actinopterygii	Cypriniformes	Cyprinidae	Leucos	Leucos ylikiensis		SPECIES	Rutilus ylikiensis Economidis, 1991	GR	Panetolio	3059a14b-7b43-41ce-beef-873999911dfe													2359694	8536369	PRESERVED_SPECIMEN	MNCN	MNCN_ICTIO	120906			CC_BY_NC_4_0		Doadrio, I.; Perdices, A.; González, J.A.			2018-02-23T09:20Z		
234153706	8379962a-f762-11e1-a439-00145eb45e9a	234153706	Animalia	Chordata	Actinopterygii	Cypriniformes	Cyprinidae	Leucos	Leucos ylikiensis		SPECIES	Rutilus ylikiensis Economidis, 1991	GR	Panetolio	3059a14b-7b43-41ce-beef-873999911dfe													2359694	8536369	PRESERVED_SPECIMEN	MNCN	MNCN_ICTIO	120905			CC_BY_NC_4_0		Doadrio, I.; Perdices, A.; González, J.A.			2018-02-23T09:20Z		
234153705	8379962a-f762-11e1-a439-00145eb45e9a	234153705	Animalia	Chordata	Actinopterygii	Cypriniformes	Cyprinidae	Leucos	Leucos ylikiensis		SPECIES	Rutilus ylikiensis Economidis, 1991	GR	Panetolio	3059a14b-7b43-41ce-beef-873999911dfe													2359694	8536369	PRESERVED_SPECIMEN	MNCN	MNCN_ICTIO	120896			CC_BY_NC_4_0		Doadrio, I.; Perdices, A.; González, J.A.			2018-02-23T09:20Z		
234153704	8379962a-f762-11e1-a439-00145eb45e9a	234153704	Animalia	Chordata	Actinopterygii	Cypriniformes	Cyprinidae	Leucos	Leucos ylikiensis		SPECIES	Rutilus ylikiensis Economidis, 1991	GR	Panetolio	3059a14b-7b43-41ce-beef-873999911dfe													2359694	8536369	PRESERVED_SPECIMEN	MNCN	MNCN_ICTIO	120895			CC_BY_NC_4_0		Doadrio, I.; Perdices, A.; González, J.A.			2018-02-23T09:20Z		
234153703	8379962a-f762-11e1-a439-00145eb45e9a	234153703	Animalia	Chordata	Actinopterygii	Cypriniformes	Cyprinidae	Leucos	Leucos ylikiensis		SPECIES	Rutilus ylikiensis Economidis, 1991	GR	Panetolio	3059a14b-7b43-41ce-beef-873999911dfe													2359694	8536369	PRESERVED_SPECIMEN	MNCN	MNCN_ICTIO	120894			CC_BY_NC_4_0		Doadrio, I.; Perdices, A.; González, J.A.			2018-02-23T09:20Z		
234153702	8379962a-f762-11e1-a439-00145eb45e9a	234153702	Animalia	Chordata	Actinopterygii	Cypriniformes	Cyprinidae	Leucos	Leucos ylikiensis		SPECIES	Rutilus ylikiensis Economidis, 1991	GR	Panetolio	3059a14b-7b43-41ce-beef-873999911dfe													2359694	8536369	PRESERVED_SPECIMEN	MNCN	MNCN_ICTIO	120893			CC_BY_NC_4_0		Doadrio, I.; Perdices, A.; González, J.A.			2018-02-23T09:20Z		
234153701	8379962a-f762-11e1-a439-00145eb45e9a	234153701	Animalia	Chordata	Actinopterygii	Cypriniformes	Cyprinidae	Leucos	Leucos ylikiensis		SPECIES	Rutilus ylikiensis Economidis, 1991	GR	Panetolio	3059a14b-7b43-41ce-beef-873999911dfe													2359694	8536369	PRESERVED_SPECIMEN	MNCN	MNCN_ICTIO	120892			CC_BY_NC_4_0		Doadrio, I.; Perdices, A.; González, J.A.			2018-02-23T09:20Z		
234153700	8379962a-f762-11e1-a439-00145eb45e9a	234153700	Animalia	Chordata	Actinopterygii	Cypriniformes	Cyprinidae	Leucos	Leucos ylikiensis		SPECIES	Rutilus ylikiensis Economidis, 1991	GR	Panetolio	3059a14b-7b43-41ce-beef-873999911dfe													2359694	8536369	PRESERVED_SPECIMEN	MNCN	MNCN_ICTIO	120891			CC_BY_NC_4_0		Doadrio, I.; Perdices, A.; González, J.A.			2018-02-23T09:20Z		
234153699	8379962a-f762-11e1-a439-00145eb45e9a	234153699	Animalia	Chordata	Actinopterygii	Cypriniformes	Cyprinidae	Leucos	Leucos ylikiensis		SPECIES	Rutilus ylikiensis Economidis, 1991	GR	Panetolio	3059a14b-7b43-41ce-beef-873999911dfe													2359694	8536369	PRESERVED_SPECIMEN	MNCN	MNCN_ICTIO	120890			CC_BY_NC_4_0		Doadrio, I.; Perdices, A.; González, J.A.			2018-02-23T09:20Z		
234153698	8379962a-f762-11e1-a439-00145eb45e9a	234153698	Animalia	Chordata	Actinopterygii	Cypriniformes	Cyprinidae	Leucos	Leucos ylikiensis		SPECIES	Rutilus ylikiensis Economidis, 1991	GR	Panetolio	3059a14b-7b43-41ce-beef-873999911dfe													2359694	8536369	PRESERVED_SPECIMEN	MNCN	MNCN_ICTIO	120889			CC_BY_NC_4_0		Doadrio, I.; Perdices, A.; González, J.A.			2018-02-23T09:20Z		
234153697	8379962a-f762-11e1-a439-00145eb45e9a	234153697	Animalia	Chordata	Actinopterygii	Cypriniformes	Cyprinidae	Leucos	Leucos ylikiensis		SPECIES	Rutilus ylikiensis Economidis, 1991	GR	Panetolio	3059a14b-7b43-41ce-beef-873999911dfe													2359694	8536369	PRESERVED_SPECIMEN	MNCN	MNCN_ICTIO	120888			CC_BY_NC_4_0		Doadrio, I.; Perdices, A.; González, J.A.			2018-02-23T09:20Z		
234153696	8379962a-f762-11e1-a439-00145eb45e9a	234153696	Animalia	Chordata	Actinopterygii	Cypriniformes	Cyprinidae	Leucos	Leucos ylikiensis		SPECIES	Rutilus ylikiensis Economidis, 1991	GR	Panetolio	3059a14b-7b43-41ce-beef-873999911dfe													2359694	8536369	PRESERVED_SPECIMEN	MNCN	MNCN_ICTIO	120887			CC_BY_NC_4_0		Doadrio, I.; Perdices, A.; González, J.A.			2018-02-23T09:20Z		
234153695	8379962a-f762-11e1-a439-00145eb45e9a	234153695	Animalia	Chordata	Actinopterygii	Cypriniformes	Cyprinidae	Leucos	Leucos ylikiensis		SPECIES	Rutilus ylikiensis Economidis, 1991	GR	Panetolio	3059a14b-7b43-41ce-beef-873999911dfe													2359694	8536369	PRESERVED_SPECIMEN	MNCN	MNCN_ICTIO	120886			CC_BY_NC_4_0		Doadrio, I.; Perdices, A.; González, J.A.			2018-02-23T09:20Z		
234153694	8379962a-f762-11e1-a439-00145eb45e9a	234153694	Animalia	Chordata	Actinopterygii	Cypriniformes	Cyprinidae	Leucos	Leucos ylikiensis		SPECIES	Rutilus ylikiensis Economidis, 1991	GR	Panetolio	3059a14b-7b43-41ce-beef-873999911dfe													2359694	8536369	PRESERVED_SPECIMEN	MNCN	MNCN_ICTIO	120885			CC_BY_NC_4_0		Doadrio, I.; Perdices, A.; González, J.A.			2018-02-23T09:20Z		
234153693	8379962a-f762-11e1-a439-00145eb45e9a	234153693	Animalia	Chordata	Actinopterygii	Cypriniformes	Cyprinidae	Leucos	Leucos ylikiensis		SPECIES	Rutilus ylikiensis Economidis, 1991	GR	Panetolio	3059a14b-7b43-41ce-beef-873999911dfe													2359694	8536369	PRESERVED_SPECIMEN	MNCN	MNCN_ICTIO	120884			CC_BY_NC_4_0		Doadrio, I.; Perdices, A.; González, J.A.			2018-02-23T09:20Z		
234153692	8379962a-f762-11e1-a439-00145eb45e9a	234153692	Animalia	Chordata	Actinopterygii	Cypriniformes	Cyprinidae	Leucos	Leucos ylikiensis		SPECIES	Rutilus ylikiensis Economidis, 1991	GR	Panetolio	3059a14b-7b43-41ce-beef-873999911dfe													2359694	8536369	PRESERVED_SPECIMEN	MNCN	MNCN_ICTIO	120883			CC_BY_NC_4_0		Doadrio, I.; Perdices, A.; González, J.A.			2018-02-23T09:20Z		
234153691	8379962a-f762-11e1-a439-00145eb45e9a	234153691	Animalia	Chordata	Actinopterygii	Cypriniformes	Cyprinidae	Leucos	Leucos ylikiensis		SPECIES	Rutilus ylikiensis Economidis, 1991	GR	Panetolio	3059a14b-7b43-41ce-beef-873999911dfe													2359694	8536369	PRESERVED_SPECIMEN	MNCN	MNCN_ICTIO	120882			CC_BY_NC_4_0		Doadrio, I.; Perdices, A.; González, J.A.			2018-02-23T09:20Z		
234153690	8379962a-f762-11e1-a439-00145eb45e9a	234153690	Animalia	Chordata	Actinopterygii	Cypriniformes	Cyprinidae	Leucos	Leucos ylikiensis		SPECIES	Rutilus ylikiensis Economidis, 1991	GR	Panetolio	3059a14b-7b43-41ce-beef-873999911dfe													2359694	8536369	PRESERVED_SPECIMEN	MNCN	MNCN_ICTIO	120881			CC_BY_NC_4_0		Doadrio, I.; Perdices, A.; González, J.A.			2018-02-23T09:20Z		
234153689	8379962a-f762-11e1-a439-00145eb45e9a	234153689	Animalia	Chordata	Actinopterygii	Cypriniformes	Cyprinidae	Leucos	Leucos ylikiensis		SPECIES	Rutilus ylikiensis Economidis, 1991	GR	Panetolio	3059a14b-7b43-41ce-beef-873999911dfe													2359694	8536369	PRESERVED_SPECIMEN	MNCN	MNCN_ICTIO	120880			CC_BY_NC_4_0		Doadrio, I.; Perdices, A.; González, J.A.			2018-02-23T09:20Z		
234153688	8379962a-f762-11e1-a439-00145eb45e9a	234153688	Animalia	Chordata	Actinopterygii	Cypriniformes	Cyprinidae	Leucos	Leucos ylikiensis		SPECIES	Rutilus ylikiensis Economidis, 1991	GR	Panetolio	3059a14b-7b43-41ce-beef-873999911dfe													2359694	8536369	PRESERVED_SPECIMEN	MNCN	MNCN_ICTIO	120879			CC_BY_NC_4_0		Doadrio, I.; Perdices, A.; González, J.A.			2018-02-23T09:20Z		
234153687	8379962a-f762-11e1-a439-00145eb45e9a	234153687	Animalia	Chordata	Actinopterygii	Cypriniformes	Cyprinidae	Leucos	Leucos ylikiensis		SPECIES	Rutilus ylikiensis Economidis, 1991	GR	Panetolio	3059a14b-7b43-41ce-beef-873999911dfe													2359694	8536369	PRESERVED_SPECIMEN	MNCN	MNCN_ICTIO	120878			CC_BY_NC_4_0		Doadrio, I.; Perdices, A.; González, J.A.			2018-02-23T09:20Z		
234153686	8379962a-f762-11e1-a439-00145eb45e9a	234153686	Animalia	Chordata	Actinopterygii	Cypriniformes	Cyprinidae	Leucos	Leucos ylikiensis		SPECIES	Rutilus ylikiensis Economidis, 1991	GR	Panetolio	3059a14b-7b43-41ce-beef-873999911dfe													2359694	8536369	PRESERVED_SPECIMEN	MNCN	MNCN_ICTIO	120877			CC_BY_NC_4_0		Doadrio, I.; Perdices, A.; González, J.A.			2018-02-23T09:20Z		
234153685	8379962a-f762-11e1-a439-00145eb45e9a	234153685	Animalia	Chordata	Actinopterygii	Cypriniformes	Cyprinidae	Leucos	Leucos ylikiensis		SPECIES	Rutilus ylikiensis Economidis, 1991	GR	Panetolio	3059a14b-7b43-41ce-beef-873999911dfe													2359694	8536369	PRESERVED_SPECIMEN	MNCN	MNCN_ICTIO	120876			CC_BY_NC_4_0		Doadrio, I.; Perdices, A.; González, J.A.			2018-02-23T09:20Z		
234153684	8379962a-f762-11e1-a439-00145eb45e9a	234153684	Animalia	Chordata	Actinopterygii	Cypriniformes	Cyprinidae	Leucos	Leucos ylikiensis		SPECIES	Rutilus ylikiensis Economidis, 1991	GR	Panetolio	3059a14b-7b43-41ce-beef-873999911dfe													2359694	8536369	PRESERVED_SPECIMEN	MNCN	MNCN_ICTIO	120875			CC_BY_NC_4_0		Doadrio, I.; Perdices, A.; González, J.A.			2018-02-23T09:20Z		
234153683	8379962a-f762-11e1-a439-00145eb45e9a	234153683	Animalia	Chordata	Actinopterygii	Cypriniformes	Cyprinidae	Leucos	Leucos ylikiensis		SPECIES	Rutilus ylikiensis Economidis, 1991	GR	Panetolio	3059a14b-7b43-41ce-beef-873999911dfe													2359694	8536369	PRESERVED_SPECIMEN	MNCN	MNCN_ICTIO	120874			CC_BY_NC_4_0		Doadrio, I.; Perdices, A.; González, J.A.			2018-02-23T09:20Z		
234153682	8379962a-f762-11e1-a439-00145eb45e9a	234153682	Animalia	Chordata	Actinopterygii	Cypriniformes	Cyprinidae	Leucos	Leucos ylikiensis		SPECIES	Rutilus ylikiensis Economidis, 1991	GR	Panetolio	3059a14b-7b43-41ce-beef-873999911dfe													2359694	8536369	PRESERVED_SPECIMEN	MNCN	MNCN_ICTIO	120873			CC_BY_NC_4_0		Doadrio, I.; Perdices, A.; González, J.A.			2018-02-23T09:20Z		
234153681	8379962a-f762-11e1-a439-00145eb45e9a	234153681	Animalia	Chordata	Actinopterygii	Cypriniformes	Cyprinidae	Leucos	Leucos ylikiensis		SPECIES	Rutilus ylikiensis Economidis, 1991	GR	Panetolio	3059a14b-7b43-41ce-beef-873999911dfe													2359694	8536369	PRESERVED_SPECIMEN	MNCN	MNCN_ICTIO	120872			CC_BY_NC_4_0		Doadrio, I.; Perdices, A.; González, J.A.			2018-02-23T09:20Z		
234153680	8379962a-f762-11e1-a439-00145eb45e9a	234153680	Animalia	Chordata	Actinopterygii	Cypriniformes	Cyprinidae	Leucos	Leucos ylikiensis		SPECIES	Rutilus ylikiensis Economidis, 1991	GR	Panetolio	3059a14b-7b43-41ce-beef-873999911dfe													2359694	8536369	PRESERVED_SPECIMEN	MNCN	MNCN_ICTIO	120871			CC_BY_NC_4_0		Doadrio, I.; Perdices, A.; González, J.A.			2018-02-23T09:20Z		
234153679	8379962a-f762-11e1-a439-00145eb45e9a	234153679	Animalia	Chordata	Actinopterygii	Cypriniformes	Cyprinidae	Leucos	Leucos ylikiensis		SPECIES	Rutilus ylikiensis Economidis, 1991	GR	Panetolio	3059a14b-7b43-41ce-beef-873999911dfe													2359694	8536369	PRESERVED_SPECIMEN	MNCN	MNCN_ICTIO	120870			CC_BY_NC_4_0		Doadrio, I.; Perdices, A.; González, J.A.			2018-02-23T09:20Z		
234153678	8379962a-f762-11e1-a439-00145eb45e9a	234153678	Animalia	Chordata	Actinopterygii	Cypriniformes	Cyprinidae	Leucos	Leucos ylikiensis		SPECIES	Rutilus ylikiensis Economidis, 1991	GR	Panetolio	3059a14b-7b43-41ce-beef-873999911dfe													2359694	8536369	PRESERVED_SPECIMEN	MNCN	MNCN_ICTIO	120869			CC_BY_NC_4_0		Doadrio, I.; Perdices, A.; González, J.A.			2018-02-23T09:20Z		
234153677	8379962a-f762-11e1-a439-00145eb45e9a	234153677	Animalia	Chordata	Actinopterygii	Cypriniformes	Cyprinidae	Leucos	Leucos ylikiensis		SPECIES	Rutilus ylikiensis Economidis, 1991	GR	Panetolio	3059a14b-7b43-41ce-beef-873999911dfe													2359694	8536369	PRESERVED_SPECIMEN	MNCN	MNCN_ICTIO	120868			CC_BY_NC_4_0		Doadrio, I.; Perdices, A.; González, J.A.			2018-02-23T09:20Z		
234153676	8379962a-f762-11e1-a439-00145eb45e9a	234153676	Animalia	Chordata	Actinopterygii	Cypriniformes	Cyprinidae	Leucos	Leucos ylikiensis		SPECIES	Rutilus ylikiensis Economidis, 1991	GR	Panetolio	3059a14b-7b43-41ce-beef-873999911dfe													2359694	8536369	PRESERVED_SPECIMEN	MNCN	MNCN_ICTIO	120867			CC_BY_NC_4_0		Doadrio, I.; Perdices, A.; González, J.A.			2018-02-23T09:20Z		
234153675	8379962a-f762-11e1-a439-00145eb45e9a	234153675	Animalia	Chordata	Actinopterygii	Cypriniformes	Cyprinidae	Leucos	Leucos ylikiensis		SPECIES	Rutilus ylikiensis Economidis, 1991	GR	Panetolio	3059a14b-7b43-41ce-beef-873999911dfe													2359694	8536369	PRESERVED_SPECIMEN	MNCN	MNCN_ICTIO	120866			CC_BY_NC_4_0		Doadrio, I.; Perdices, A.; González, J.A.			2018-02-23T09:20Z		
234153674	8379962a-f762-11e1-a439-00145eb45e9a	234153674	Animalia	Chordata	Actinopterygii	Cypriniformes	Cyprinidae	Leucos	Leucos ylikiensis		SPECIES	Rutilus ylikiensis Economidis, 1991	GR	Panetolio	3059a14b-7b43-41ce-beef-873999911dfe													2359694	8536369	PRESERVED_SPECIMEN	MNCN	MNCN_ICTIO	120865			CC_BY_NC_4_0		Doadrio, I.; Perdices, A.; González, J.A.			2018-02-23T09:20Z		
234153673	8379962a-f762-11e1-a439-00145eb45e9a	234153673	Animalia	Chordata	Actinopterygii	Cypriniformes	Cyprinidae	Leucos	Leucos ylikiensis		SPECIES	Rutilus ylikiensis Economidis, 1991	GR	Panetolio	3059a14b-7b43-41ce-beef-873999911dfe													2359694	8536369	PRESERVED_SPECIMEN	MNCN	MNCN_ICTIO	120864			CC_BY_NC_4_0		Doadrio, I.; Perdices, A.; González, J.A.			2018-02-23T09:20Z		
234153672	8379962a-f762-11e1-a439-00145eb45e9a	234153672	Animalia	Chordata	Actinopterygii	Cypriniformes	Cyprinidae	Leucos	Leucos ylikiensis		SPECIES	Rutilus ylikiensis Economidis, 1991	GR	Panetolio	3059a14b-7b43-41ce-beef-873999911dfe													2359694	8536369	PRESERVED_SPECIMEN	MNCN	MNCN_ICTIO	120863			CC_BY_NC_4_0		Doadrio, I.; Perdices, A.; González, J.A.			2018-02-23T09:20Z		
234153671	8379962a-f762-11e1-a439-00145eb45e9a	234153671	Animalia	Chordata	Actinopterygii	Cypriniformes	Cyprinidae	Leucos	Leucos ylikiensis		SPECIES	Rutilus ylikiensis Economidis, 1991	GR	Panetolio	3059a14b-7b43-41ce-beef-873999911dfe													2359694	8536369	PRESERVED_SPECIMEN	MNCN	MNCN_ICTIO	120862			CC_BY_NC_4_0		Doadrio, I.; Perdices, A.; González, J.A.			2018-02-23T09:20Z		
234153670	8379962a-f762-11e1-a439-00145eb45e9a	234153670	Animalia	Chordata	Actinopterygii	Cypriniformes	Cyprinidae	Leucos	Leucos ylikiensis		SPECIES	Rutilus ylikiensis Economidis, 1991	GR	Panetolio	3059a14b-7b43-41ce-beef-873999911dfe													2359694	8536369	PRESERVED_SPECIMEN	MNCN	MNCN_ICTIO	120861			CC_BY_NC_4_0		Doadrio, I.; Perdices, A.; González, J.A.			2018-02-23T09:20Z		
234153669	8379962a-f762-11e1-a439-00145eb45e9a	234153669	Animalia	Chordata	Actinopterygii	Cypriniformes	Cyprinidae	Leucos	Leucos ylikiensis		SPECIES	Rutilus ylikiensis Economidis, 1991	GR	Panetolio	3059a14b-7b43-41ce-beef-873999911dfe													2359694	8536369	PRESERVED_SPECIMEN	MNCN	MNCN_ICTIO	120860			CC_BY_NC_4_0		Doadrio, I.; Perdices, A.; González, J.A.			2018-02-23T09:20Z		
234153668	8379962a-f762-11e1-a439-00145eb45e9a	234153668	Animalia	Chordata	Actinopterygii	Cypriniformes	Cyprinidae	Leucos	Leucos ylikiensis		SPECIES	Rutilus ylikiensis Economidis, 1991	GR	Panetolio	3059a14b-7b43-41ce-beef-873999911dfe													2359694	8536369	PRESERVED_SPECIMEN	MNCN	MNCN_ICTIO	120859			CC_BY_NC_4_0		Doadrio, I.; Perdices, A.; González, J.A.			2018-02-23T09:20Z		
234153667	8379962a-f762-11e1-a439-00145eb45e9a	234153667	Animalia	Chordata	Actinopterygii	Cypriniformes	Cyprinidae	Leucos	Leucos ylikiensis		SPECIES	Rutilus ylikiensis Economidis, 1991	GR	Panetolio	3059a14b-7b43-41ce-beef-873999911dfe													2359694	8536369	PRESERVED_SPECIMEN	MNCN	MNCN_ICTIO	120858			CC_BY_NC_4_0		Doadrio, I.; Perdices, A.; González, J.A.			2018-02-23T09:20Z		
234153666	8379962a-f762-11e1-a439-00145eb45e9a	234153666	Animalia	Chordata	Actinopterygii	Cypriniformes	Cyprinidae	Leucos	Leucos ylikiensis		SPECIES	Rutilus ylikiensis Economidis, 1991	GR	Panetolio	3059a14b-7b43-41ce-beef-873999911dfe													2359694	8536369	PRESERVED_SPECIMEN	MNCN	MNCN_ICTIO	120857			CC_BY_NC_4_0		Doadrio, I.; Perdices, A.; González, J.A.			2018-02-23T09:20Z		
234153665	8379962a-f762-11e1-a439-00145eb45e9a	234153665	Animalia	Chordata	Actinopterygii	Cypriniformes	Cyprinidae	Leucos	Leucos ylikiensis		SPECIES	Rutilus ylikiensis Economidis, 1991	GR	Panetolio	3059a14b-7b43-41ce-beef-873999911dfe													2359694	8536369	PRESERVED_SPECIMEN	MNCN	MNCN_ICTIO	120802			CC_BY_NC_4_0		Doadrio, I.; Perdices, A.; González, J.A.			2018-02-23T09:20Z		
234153664	8379962a-f762-11e1-a439-00145eb45e9a	234153664	Animalia	Chordata	Actinopterygii	Cypriniformes	Cyprinidae	Leucos	Leucos ylikiensis		SPECIES	Rutilus ylikiensis Economidis, 1991	GR	Panetolio	3059a14b-7b43-41ce-beef-873999911dfe													2359694	8536369	PRESERVED_SPECIMEN	MNCN	MNCN_ICTIO	120801			CC_BY_NC_4_0		Doadrio, I.; Perdices, A.; González, J.A.			2018-02-23T09:20Z		
234153663	8379962a-f762-11e1-a439-00145eb45e9a	234153663	Animalia	Chordata	Actinopterygii	Cypriniformes	Cyprinidae	Leucos	Leucos ylikiensis		SPECIES	Rutilus ylikiensis Economidis, 1991	GR	Panetolio	3059a14b-7b43-41ce-beef-873999911dfe													2359694	8536369	PRESERVED_SPECIMEN	MNCN	MNCN_ICTIO	120800			CC_BY_NC_4_0		Doadrio, I.; Perdices, A.; González, J.A.			2018-02-23T09:20Z		
234153662	8379962a-f762-11e1-a439-00145eb45e9a	234153662	Animalia	Chordata	Actinopterygii	Cypriniformes	Cyprinidae	Leucos	Leucos ylikiensis		SPECIES	Rutilus ylikiensis Economidis, 1991	GR	Panetolio	3059a14b-7b43-41ce-beef-873999911dfe													2359694	8536369	PRESERVED_SPECIMEN	MNCN	MNCN_ICTIO	120799			CC_BY_NC_4_0		Doadrio, I.; Perdices, A.; González, J.A.			2018-02-23T09:20Z		
234153661	8379962a-f762-11e1-a439-00145eb45e9a	234153661	Animalia	Chordata	Actinopterygii	Cypriniformes	Cyprinidae	Leucos	Leucos ylikiensis		SPECIES	Rutilus ylikiensis Economidis, 1991	GR	Panetolio	3059a14b-7b43-41ce-beef-873999911dfe													2359694	8536369	PRESERVED_SPECIMEN	MNCN	MNCN_ICTIO	120798			CC_BY_NC_4_0		Doadrio, I.; Perdices, A.; González, J.A.			2018-02-23T09:20Z		
234153660	8379962a-f762-11e1-a439-00145eb45e9a	234153660	Animalia	Chordata	Actinopterygii	Cypriniformes	Cyprinidae	Leucos	Leucos ylikiensis		SPECIES	Rutilus ylikiensis Economidis, 1991	GR	Panetolio	3059a14b-7b43-41ce-beef-873999911dfe													2359694	8536369	PRESERVED_SPECIMEN	MNCN	MNCN_ICTIO	120797			CC_BY_NC_4_0		Doadrio, I.; Perdices, A.; González, J.A.			2018-02-23T09:20Z		
234153659	8379962a-f762-11e1-a439-00145eb45e9a	234153659	Animalia	Chordata	Actinopterygii	Cypriniformes	Cyprinidae	Leucos	Leucos ylikiensis		SPECIES	Rutilus ylikiensis Economidis, 1991	GR	Panetolio	3059a14b-7b43-41ce-beef-873999911dfe													2359694	8536369	PRESERVED_SPECIMEN	MNCN	MNCN_ICTIO	120796			CC_BY_NC_4_0		Doadrio, I.; Perdices, A.; González, J.A.			2018-02-23T09:20Z		
234153658	8379962a-f762-11e1-a439-00145eb45e9a	234153658	Animalia	Chordata	Actinopterygii	Cypriniformes	Cyprinidae	Leucos	Leucos ylikiensis		SPECIES	Rutilus ylikiensis Economidis, 1991	GR	Panetolio	3059a14b-7b43-41ce-beef-873999911dfe													2359694	8536369	PRESERVED_SPECIMEN	MNCN	MNCN_ICTIO	120795			CC_BY_NC_4_0		Doadrio, I.; Perdices, A.; González, J.A.			2018-02-23T09:20Z		
234153657	8379962a-f762-11e1-a439-00145eb45e9a	234153657	Animalia	Chordata	Actinopterygii	Cypriniformes	Cyprinidae	Leucos	Leucos ylikiensis		SPECIES	Rutilus ylikiensis Economidis, 1991	GR	Panetolio	3059a14b-7b43-41ce-beef-873999911dfe													2359694	8536369	PRESERVED_SPECIMEN	MNCN	MNCN_ICTIO	120794			CC_BY_NC_4_0		Doadrio, I.; Perdices, A.; González, J.A.			2018-02-23T09:20Z		
234153656	8379962a-f762-11e1-a439-00145eb45e9a	234153656	Animalia	Chordata	Actinopterygii	Cypriniformes	Cyprinidae	Leucos	Leucos ylikiensis		SPECIES	Rutilus ylikiensis Economidis, 1991	GR	Panetolio	3059a14b-7b43-41ce-beef-873999911dfe													2359694	8536369	PRESERVED_SPECIMEN	MNCN	MNCN_ICTIO	120793			CC_BY_NC_4_0		Doadrio, I.; Perdices, A.; González, J.A.			2018-02-23T09:20Z		
234153655	8379962a-f762-11e1-a439-00145eb45e9a	234153655	Animalia	Chordata	Actinopterygii	Cypriniformes	Cyprinidae	Leucos	Leucos ylikiensis		SPECIES	Rutilus ylikiensis Economidis, 1991	GR	Panetolio	3059a14b-7b43-41ce-beef-873999911dfe													2359694	8536369	PRESERVED_SPECIMEN	MNCN	MNCN_ICTIO	120792			CC_BY_NC_4_0		Doadrio, I.; Perdices, A.; González, J.A.			2018-02-23T09:20Z		
234153654	8379962a-f762-11e1-a439-00145eb45e9a	234153654	Animalia	Chordata	Actinopterygii	Cypriniformes	Cyprinidae	Leucos	Leucos ylikiensis		SPECIES	Rutilus ylikiensis Economidis, 1991	GR	Panetolio	3059a14b-7b43-41ce-beef-873999911dfe													2359694	8536369	PRESERVED_SPECIMEN	MNCN	MNCN_ICTIO	120791			CC_BY_NC_4_0		Doadrio, I.; Perdices, A.; González, J.A.			2018-02-23T09:20Z		
234153653	8379962a-f762-11e1-a439-00145eb45e9a	234153653	Animalia	Chordata	Actinopterygii	Cypriniformes	Cyprinidae	Leucos	Leucos ylikiensis		SPECIES	Rutilus ylikiensis Economidis, 1991	GR	Panetolio	3059a14b-7b43-41ce-beef-873999911dfe													2359694	8536369	PRESERVED_SPECIMEN	MNCN	MNCN_ICTIO	120790			CC_BY_NC_4_0		Doadrio, I.; Perdices, A.; González, J.A.			2018-02-23T09:20Z		
234153652	8379962a-f762-11e1-a439-00145eb45e9a	234153652	Animalia	Chordata	Actinopterygii	Cypriniformes	Cyprinidae	Leucos	Leucos ylikiensis		SPECIES	Rutilus ylikiensis Economidis, 1991	GR	Panetolio	3059a14b-7b43-41ce-beef-873999911dfe													2359694	8536369	PRESERVED_SPECIMEN	MNCN	MNCN_ICTIO	120789			CC_BY_NC_4_0		Doadrio, I.; Perdices, A.; González, J.A.			2018-02-23T09:20Z		
234153651	8379962a-f762-11e1-a439-00145eb45e9a	234153651	Animalia	Chordata	Actinopterygii	Cypriniformes	Cyprinidae	Leucos	Leucos ylikiensis		SPECIES	Rutilus ylikiensis Economidis, 1991	GR	Panetolio	3059a14b-7b43-41ce-beef-873999911dfe													2359694	8536369	PRESERVED_SPECIMEN	MNCN	MNCN_ICTIO	120788			CC_BY_NC_4_0		Doadrio, I.; Perdices, A.; González, J.A.			2018-02-23T09:20Z		
