gbifid	datasetkey	occurrenceid	kingdom	phylum	class	order	family	genus	species	infraspecificepithet	taxonrank	scientificname	countrycode	locality	publishingorgkey	decimallatitude	decimallongitude	coordinateuncertaintyinmeters	coordinateprecision	elevation	elevationaccuracy	depth	depthaccuracy	eventdate	day	month	year	taxonkey	specieskey	basisofrecord	institutioncode	collectioncode	catalognumber	recordnumber	identifiedby	license	rightsholder	recordedby	typestatus	establishmentmeans	lastinterpreted	mediatype	issue
1609378909	6ec2600f-768a-4240-9575-0972fef6c76f	bf_cf3-1.401	Animalia	Chordata	Actinopterygii	Cypriniformes	Cyprinidae	Scardinius	Scardinius graecus		SPECIES	Scardinius graecus Stephanidis, 1937	GR	lake	b872b075-9ab5-4e27-b6c6-5add6b890379	38.4	23.31			71.0				1997-03-19T01:00Z	19	3	1997	2362671	2362671	UNKNOWN	HCMR					CC0_1_0	BioFresh				2018-02-04T02:31Z		RECORDED_DATE_MISMATCH;GEODETIC_DATUM_ASSUMED_WGS84
1609378906	6ec2600f-768a-4240-9575-0972fef6c76f	bf_cf3-1.379	Animalia	Chordata	Actinopterygii	Cypriniformes	Cyprinidae	Scardinius	Scardinius graecus		SPECIES	Scardinius graecus Stephanidis, 1937	GR	Akraifnio (channel)	b872b075-9ab5-4e27-b6c6-5add6b890379	38.45	23.21			104.0				1993-02-19T01:00Z	19	2	1993	2362671	2362671	UNKNOWN	HCMR					CC0_1_0	BioFresh				2018-02-04T02:31Z		RECORDED_DATE_MISMATCH;GEODETIC_DATUM_ASSUMED_WGS84
1609378883	6ec2600f-768a-4240-9575-0972fef6c76f	bf_cf3-1.406	Animalia	Chordata	Actinopterygii	Cypriniformes	Cyprinidae	Scardinius	Scardinius graecus		SPECIES	Scardinius graecus Stephanidis, 1937	GR	lake	b872b075-9ab5-4e27-b6c6-5add6b890379	38.4	23.31			71.0				1994-05-30T02:00Z	30	5	1994	2362671	2362671	UNKNOWN	HCMR					CC0_1_0	BioFresh				2018-02-04T02:31Z		RECORDED_DATE_MISMATCH;GEODETIC_DATUM_ASSUMED_WGS84
1609378879	6ec2600f-768a-4240-9575-0972fef6c76f	bf_cf3-1.389	Animalia	Chordata	Actinopterygii	Cypriniformes	Cyprinidae	Scardinius	Scardinius graecus		SPECIES	Scardinius graecus Stephanidis, 1937	GR	lake	b872b075-9ab5-4e27-b6c6-5add6b890379	38.4	23.23			71.0				1995-07-03T02:00Z	3	7	1995	2362671	2362671	UNKNOWN	HCMR					CC0_1_0	BioFresh				2018-02-04T02:31Z		RECORDED_DATE_MISMATCH;GEODETIC_DATUM_ASSUMED_WGS84
1609378878	6ec2600f-768a-4240-9575-0972fef6c76f	bf_cf3-1.388	Animalia	Chordata	Actinopterygii	Cypriniformes	Cyprinidae	Scardinius	Scardinius graecus		SPECIES	Scardinius graecus Stephanidis, 1937	GR	Akraifnio	b872b075-9ab5-4e27-b6c6-5add6b890379	38.44	23.24			128.0				1994-04-15T02:00Z	15	4	1994	2362671	2362671	UNKNOWN	HCMR					CC0_1_0	BioFresh				2018-02-04T02:31Z		RECORDED_DATE_MISMATCH;GEODETIC_DATUM_ASSUMED_WGS84
1609378865	6ec2600f-768a-4240-9575-0972fef6c76f	bf_cf3-1.384	Animalia	Chordata	Actinopterygii	Cypriniformes	Cyprinidae	Scardinius	Scardinius graecus		SPECIES	Scardinius graecus Stephanidis, 1937	GR	Akraifnio (under small fall)	b872b075-9ab5-4e27-b6c6-5add6b890379	38.44	23.24			91.0				1995-06-19T02:00Z	19	6	1995	2362671	2362671	UNKNOWN	HCMR					CC0_1_0	BioFresh				2018-02-04T02:31Z		RECORDED_DATE_MISMATCH;GEODETIC_DATUM_ASSUMED_WGS84
1012506221	ad43e954-dd79-4986-ae34-9ccdbd8bf568	KJ554933	Animalia	Chordata	Actinopterygii	Cypriniformes	Cyprinidae	Scardinius	Scardinius graecus		SPECIES	Scardinius graecus Stephanidis, 1937	GR		ada9d123-ddb4-467d-8891-806ea8d94230	38.43	23.25											2362671	2362671	UNKNOWN						CC_BY_4_0					2018-02-04T22:21Z		COUNTRY_DERIVED_FROM_COORDINATES;BASIS_OF_RECORD_INVALID;GEODETIC_DATUM_ASSUMED_WGS84;COUNTRY_INVALID;REFERENCES_URI_INVALID
1012505906	ad43e954-dd79-4986-ae34-9ccdbd8bf568	KJ554918	Animalia	Chordata	Actinopterygii	Cypriniformes	Cyprinidae	Scardinius	Scardinius graecus		SPECIES	Scardinius graecus Stephanidis, 1937	GR		ada9d123-ddb4-467d-8891-806ea8d94230	38.43	23.25											2362671	2362671	UNKNOWN						CC_BY_4_0					2018-02-04T22:21Z		COUNTRY_DERIVED_FROM_COORDINATES;BASIS_OF_RECORD_INVALID;GEODETIC_DATUM_ASSUMED_WGS84;COUNTRY_INVALID;REFERENCES_URI_INVALID
1012505571	ad43e954-dd79-4986-ae34-9ccdbd8bf568	KJ554946	Animalia	Chordata	Actinopterygii	Cypriniformes	Cyprinidae	Scardinius	Scardinius graecus		SPECIES	Scardinius graecus Stephanidis, 1937	GR		ada9d123-ddb4-467d-8891-806ea8d94230	38.43	23.25											2362671	2362671	UNKNOWN						CC_BY_4_0					2018-02-04T22:21Z		COUNTRY_DERIVED_FROM_COORDINATES;BASIS_OF_RECORD_INVALID;GEODETIC_DATUM_ASSUMED_WGS84;COUNTRY_INVALID;REFERENCES_URI_INVALID
1012505561	ad43e954-dd79-4986-ae34-9ccdbd8bf568	KJ554945	Animalia	Chordata	Actinopterygii	Cypriniformes	Cyprinidae	Scardinius	Scardinius graecus		SPECIES	Scardinius graecus Stephanidis, 1937	GR		ada9d123-ddb4-467d-8891-806ea8d94230	38.43	23.25											2362671	2362671	UNKNOWN						CC_BY_4_0					2018-02-04T22:21Z		COUNTRY_DERIVED_FROM_COORDINATES;BASIS_OF_RECORD_INVALID;GEODETIC_DATUM_ASSUMED_WGS84;COUNTRY_INVALID;REFERENCES_URI_INVALID
1012501774	ad43e954-dd79-4986-ae34-9ccdbd8bf568	KJ554716	Animalia	Chordata	Actinopterygii	Cypriniformes	Cyprinidae	Scardinius	Scardinius graecus		SPECIES	Scardinius graecus Stephanidis, 1937	GR		ada9d123-ddb4-467d-8891-806ea8d94230	38.43	23.25											2362671	2362671	UNKNOWN						CC_BY_4_0					2018-02-04T22:21Z		COUNTRY_DERIVED_FROM_COORDINATES;BASIS_OF_RECORD_INVALID;GEODETIC_DATUM_ASSUMED_WGS84;COUNTRY_INVALID;REFERENCES_URI_INVALID
1012501690	ad43e954-dd79-4986-ae34-9ccdbd8bf568	KJ554862	Animalia	Chordata	Actinopterygii	Cypriniformes	Cyprinidae	Scardinius	Scardinius graecus		SPECIES	Scardinius graecus Stephanidis, 1937	GR		ada9d123-ddb4-467d-8891-806ea8d94230	38.43	23.25											2362671	2362671	UNKNOWN						CC_BY_4_0					2018-02-04T22:21Z		COUNTRY_DERIVED_FROM_COORDINATES;BASIS_OF_RECORD_INVALID;GEODETIC_DATUM_ASSUMED_WGS84;COUNTRY_INVALID;REFERENCES_URI_INVALID
1012500873	ad43e954-dd79-4986-ae34-9ccdbd8bf568	KJ554772	Animalia	Chordata	Actinopterygii	Cypriniformes	Cyprinidae	Scardinius	Scardinius graecus		SPECIES	Scardinius graecus Stephanidis, 1937	GR		ada9d123-ddb4-467d-8891-806ea8d94230	38.43	23.24											2362671	2362671	UNKNOWN						CC_BY_4_0					2018-02-04T22:21Z		COUNTRY_DERIVED_FROM_COORDINATES;BASIS_OF_RECORD_INVALID;GEODETIC_DATUM_ASSUMED_WGS84;COUNTRY_INVALID;REFERENCES_URI_INVALID
1012500860	ad43e954-dd79-4986-ae34-9ccdbd8bf568	KJ554821	Animalia	Chordata	Actinopterygii	Cypriniformes	Cyprinidae	Scardinius	Scardinius graecus		SPECIES	Scardinius graecus Stephanidis, 1937	GR		ada9d123-ddb4-467d-8891-806ea8d94230	38.43	23.25											2362671	2362671	UNKNOWN						CC_BY_4_0					2018-02-04T22:21Z		COUNTRY_DERIVED_FROM_COORDINATES;BASIS_OF_RECORD_INVALID;GEODETIC_DATUM_ASSUMED_WGS84;COUNTRY_INVALID;REFERENCES_URI_INVALID
911391277	f5a6ade4-b414-4ebc-a84a-c6800a2df2da		Animalia	Chordata	Actinopterygii	Cypriniformes	Cyprinidae	Scardinius	Scardinius graecus		SPECIES	Scardinius graecus Stephanidis, 1937	GR	Yliki	6e1cad80-bdf5-11d8-84ea-b8a03c50a862									2011-09-30T02:00Z	30	9	2011	2362671	2362671	PRESERVED_SPECIMEN	ZFMK	ICH	Ex08H10 / 725394 / 81221		J.Freyhof	CC_BY_4_0		J.Freyhof			2018-02-04T08:39Z		
911391274	f5a6ade4-b414-4ebc-a84a-c6800a2df2da		Animalia	Chordata	Actinopterygii	Cypriniformes	Cyprinidae	Scardinius	Scardinius graecus		SPECIES	Scardinius graecus Stephanidis, 1937	GR	Yliki	6e1cad80-bdf5-11d8-84ea-b8a03c50a862									2011-09-30T02:00Z	30	9	2011	2362671	2362671	PRESERVED_SPECIMEN	ZFMK	ICH	Ex08G3 / 725375 / 81202		J.Freyhof	CC_BY_4_0		J.Freyhof			2018-02-04T08:39Z		
911391272	f5a6ade4-b414-4ebc-a84a-c6800a2df2da		Animalia	Chordata	Actinopterygii	Cypriniformes	Cyprinidae	Scardinius	Scardinius graecus		SPECIES	Scardinius graecus Stephanidis, 1937	GR	Yliki	6e1cad80-bdf5-11d8-84ea-b8a03c50a862									2011-09-30T02:00Z	30	9	2011	2362671	2362671	PRESERVED_SPECIMEN	ZFMK	ICH	Ex08H9 / 725393 / 81220		J.Freyhof	CC_BY_4_0		J.Freyhof			2018-02-04T08:39Z		
911391266	f5a6ade4-b414-4ebc-a84a-c6800a2df2da		Animalia	Chordata	Actinopterygii	Cypriniformes	Cyprinidae	Scardinius	Scardinius graecus		SPECIES	Scardinius graecus Stephanidis, 1937	GR	Yliki	6e1cad80-bdf5-11d8-84ea-b8a03c50a862									2011-09-30T02:00Z	30	9	2011	2362671	2362671	PRESERVED_SPECIMEN	ZFMK	ICH	Ex08G5 / 725377 / 81204		J.Freyhof	CC_BY_4_0		J.Freyhof			2018-02-04T08:39Z		
911391225	f5a6ade4-b414-4ebc-a84a-c6800a2df2da		Animalia	Chordata	Actinopterygii	Cypriniformes	Cyprinidae	Scardinius	Scardinius graecus		SPECIES	Scardinius graecus Stephanidis, 1937	GR	Yliki	6e1cad80-bdf5-11d8-84ea-b8a03c50a862									2011-09-30T02:00Z	30	9	2011	2362671	2362671	PRESERVED_SPECIMEN	ZFMK	ICH	Ex08H11 / 725395 / 81222		J.Freyhof	CC_BY_4_0		J.Freyhof			2018-02-04T08:39Z		
911391221	f5a6ade4-b414-4ebc-a84a-c6800a2df2da		Animalia	Chordata	Actinopterygii	Cypriniformes	Cyprinidae	Scardinius	Scardinius graecus		SPECIES	Scardinius graecus Stephanidis, 1937	GR	Yliki	6e1cad80-bdf5-11d8-84ea-b8a03c50a862									2011-09-30T02:00Z	30	9	2011	2362671	2362671	PRESERVED_SPECIMEN	ZFMK	ICH	Ex08G6 / 725378 / 81205		J.Freyhof	CC_BY_4_0		J.Freyhof			2018-02-04T08:39Z		
911391215	f5a6ade4-b414-4ebc-a84a-c6800a2df2da		Animalia	Chordata	Actinopterygii	Cypriniformes	Cyprinidae	Scardinius	Scardinius graecus		SPECIES	Scardinius graecus Stephanidis, 1937	GR	Yliki	6e1cad80-bdf5-11d8-84ea-b8a03c50a862									2011-09-30T02:00Z	30	9	2011	2362671	2362671	PRESERVED_SPECIMEN	ZFMK	ICH	Ex08G4 / 725376 / 81203		J.Freyhof	CC_BY_4_0		J.Freyhof			2018-02-04T08:39Z		
911391209	f5a6ade4-b414-4ebc-a84a-c6800a2df2da		Animalia	Chordata	Actinopterygii	Cypriniformes	Cyprinidae	Scardinius	Scardinius graecus		SPECIES	Scardinius graecus Stephanidis, 1937	GR	Yliki	6e1cad80-bdf5-11d8-84ea-b8a03c50a862													2362671	2362671	PRESERVED_SPECIMEN	ZFMK	ICH	Ex05A3 / 725075 / 80902		J.Freyhof	CC_BY_4_0		Maurice Kottelat			2018-02-04T08:39Z		
234156076	8379962a-f762-11e1-a439-00145eb45e9a	234156076	Animalia	Chordata	Actinopterygii	Cypriniformes	Cyprinidae	Scardinius	Scardinius graecus		SPECIES	Scardinius graecus Stephanidis, 1937			3059a14b-7b43-41ce-beef-873999911dfe													2362671	2362671	PRESERVED_SPECIMEN	MNCN	MNCN_ICTIO	241680			CC_BY_NC_4_0					2018-02-23T09:20Z		
234156075	8379962a-f762-11e1-a439-00145eb45e9a	234156075	Animalia	Chordata	Actinopterygii	Cypriniformes	Cyprinidae	Scardinius	Scardinius graecus		SPECIES	Scardinius graecus Stephanidis, 1937			3059a14b-7b43-41ce-beef-873999911dfe													2362671	2362671	PRESERVED_SPECIMEN	MNCN	MNCN_ICTIO	241679			CC_BY_NC_4_0					2018-02-23T09:20Z		
234156074	8379962a-f762-11e1-a439-00145eb45e9a	234156074	Animalia	Chordata	Actinopterygii	Cypriniformes	Cyprinidae	Scardinius	Scardinius graecus		SPECIES	Scardinius graecus Stephanidis, 1937			3059a14b-7b43-41ce-beef-873999911dfe													2362671	2362671	PRESERVED_SPECIMEN	MNCN	MNCN_ICTIO	241678			CC_BY_NC_4_0					2018-02-23T09:20Z		
112577	c2e3081a-ba91-40cf-b2df-9885a24b37dc	NRM:NRM-Fish:45479	Animalia	Chordata	Actinopterygii	Cypriniformes	Cyprinidae	Scardinius	Scardinius graecus		SPECIES	Scardinius graecus Stephanidis, 1937	GR	Kopaís River drainage: N of Thívai, Lake Ilíki	6ba9a8cc-513a-4a51-bf93-6f5de8040a96													2362671	2362671	PRESERVED_SPECIMEN	NRM	NRM-Fish	45479		Åhlander & Kullander	CC0_1_0		Geivall, N G			2018-02-03T13:57Z		
